pinder_release,cohort,id,pdb_id,cluster_id,cluster_id_R,cluster_id_L,uniprot_R,uniprot_L,source_group,class_id,class_key,cv_fold
2024-02,Training500,6in7__B1_Q06198--6in7__A1_P38107,6in7,cluster_120_14943,cluster_120,cluster_14943,Q06198,P38107,feasibility50,1,robust_correct,2
2024-02,Training500,1mr1__A1_Q13485--1mr1__D1_P12755,1mr1,cluster_5412_9566,cluster_5412,cluster_9566,Q13485,P12755,feasibility50,1,robust_correct,0
2024-02,Training500,1foe__A1_Q60610--1foe__B1_P63000,1foe,cluster_31199_437,cluster_31199,cluster_437,Q60610,P63000,group3,1,robust_correct,1
2024-02,Training500,5eu0__A1_E6YJU0--5eu0__B1_E6YLF5,5eu0,cluster_23608_7519,cluster_7519,cluster_23608,E6YJU0,E6YLF5,feasibility50,1,robust_correct,3
2024-02,Training500,7e36__B1_A0A318JQQ2--7e36__A1_A0A318JWT9,7e36,cluster_2478_2478,cluster_2478,cluster_2478,A0A318JQQ2,A0A318JWT9,group1,1,robust_correct,4
2024-02,Training500,2zix__A1_Q96NY9--2zix__B1_Q96AY2,2zix,cluster_17466_17467,cluster_17466,cluster_17467,Q96NY9,Q96AY2,group3,1,robust_correct,2
2024-02,Training500,1a22__B1_P10912--1a22__A1_P01241,1a22,cluster_6219_725,cluster_725,cluster_6219,P10912,P01241,group1,1,robust_correct,0
2024-02,Training500,6xwx__A1_G0S825--6xwx__B1_G0S0S7,6xwx,cluster_28935_28936,cluster_28935,cluster_28936,G0S825,G0S0S7,group1,1,robust_correct,1
2024-02,Training500,4lo8__A1_Q8KHU9--4lo8__B1_Q45878,4lo8,cluster_35631_3875,cluster_35631,cluster_3875,Q8KHU9,Q45878,group2,1,robust_correct,3
2024-02,Training500,6hmv__A1_Q9H3P7--6hmv__B1_Q68T42,6hmv,cluster_12667_12668,cluster_12667,cluster_12668,Q9H3P7,Q68T42,group3,1,robust_correct,4
2024-02,Training500,5b5w__A1_Q8BPB0--5b5w__B1_O95835,5b5w,cluster_17511_722,cluster_722,cluster_17511,Q8BPB0,O95835,group2,1,robust_correct,2
2024-02,Training500,6zht__A1_P22515--6zht__B1_P52490,6zht,cluster_1408_4835,cluster_4835,cluster_1408,P22515,P52490,group3,1,robust_correct,0
2024-02,Training500,1s70__A1_P62207--1s70__B1_Q90623,1s70,cluster_1544_583,cluster_1544,cluster_583,P62207,Q90623,group1,1,robust_correct,1
2024-02,Training500,5lxr__A1_Q9Y580--5lxr__B1_Q6NZY4,5lxr,cluster_34680_993,cluster_993,cluster_34680,Q9Y580,Q6NZY4,group2,1,robust_correct,3
2024-02,Training500,2wmp__A1_Q1R2W9--2wmp__B1_Q47445,2wmp,cluster_1398_4477,cluster_1398,cluster_4477,Q1R2W9,Q47445,group1,1,robust_correct,4
2024-02,Training500,3tbi__B1_P0A8V2--3tbi__A1_P13338,3tbi,cluster_118_18261,cluster_118,cluster_18261,P0A8V2,P13338,group2,1,robust_correct,2
2024-02,Training500,5y61__A1_Q9I4L4--5y61__B1_Q9I4L6,5y61,cluster_1923_1924,cluster_1923,cluster_1924,Q9I4L4,Q9I4L6,feasibility50,1,robust_correct,0
2024-02,Training500,4qpl__A1_Q9CZW6--4qpl__B1_P51668,4qpl,cluster_10878_1408,cluster_10878,cluster_1408,Q9CZW6,P51668,group2,1,robust_correct,1
2024-02,Training500,2vlo__B1_P09883--2vlo__A1_P13479,2vlo,cluster_1180_1251,cluster_1251,cluster_1180,P09883,P13479,feasibility50,1,robust_correct,3
2024-02,Training500,5hy7__A1_G0S5A2--5hy7__B1_G0S133,5hy7,cluster_606_607,cluster_607,cluster_606,G0S5A2,G0S133,group1,1,robust_correct,4
2024-02,Training500,6s6a__A1_Q7L523--6s6a__C1_Q9HB90,6s6a,cluster_1197_6745,cluster_1197,cluster_6745,Q7L523,Q9HB90,feasibility50,1,robust_correct,2
2024-02,Training500,1tf0__A1_P02768--1tf0__B1_Q51911,1tf0,cluster_11836_4106,cluster_4106,cluster_11836,P02768,Q51911,feasibility50,1,robust_correct,0
2024-02,Training500,2r17__C1_Q96QK1--2r17__A1_Q9UBQ0,2r17,cluster_4561_4562,cluster_4561,cluster_4562,Q96QK1,Q9UBQ0,feasibility50,1,robust_correct,1
2024-02,Training500,2h7z__B1_A0S865--2h7z__A1_A0S864,2h7z,cluster_1356_1356,cluster_1356,cluster_1356,A0S865,A0S864,group3,1,robust_correct,3
2024-02,Training500,2ga9__B1_P23371--2ga9__A1_P07617,2ga9,cluster_2277_32196,cluster_32196,cluster_2277,P23371,P07617,feasibility50,1,robust_correct,4
2024-02,Training500,4bi8__B1_S4S1W1--4bi8__A1_S4S1W3,4bi8,cluster_6528_6558,cluster_6558,cluster_6528,S4S1W1,S4S1W3,feasibility50,1,robust_correct,2
2024-02,Training500,3aon__A1_P43435--3aon__B1_P43455,3aon,cluster_1962_24749,cluster_1962,cluster_24749,P43435,P43455,group1,1,robust_correct,0
2024-02,Training500,1ory__A1_O67806--1ory__B1_O67803,1ory,cluster_14960_5179,cluster_5179,cluster_14960,O67806,O67803,feasibility50,1,robust_correct,1
2024-02,Training500,5kyy__B1_O94855--5kyy__A1_Q15436,5kyy,cluster_1304_1306,cluster_1306,cluster_1304,O94855,Q15436,group3,1,robust_correct,3
2024-02,Training500,1tej__B1_P0C6B5--1tej__A1_P0C6B4,1tej,cluster_4254_4254,cluster_4254,cluster_4254,P0C6B5,P0C6B4,group2,1,robust_correct,4
2024-02,Training500,6j2u__B1_Q93HL2--6j2u__A1_Q93HL1,6j2u,cluster_2607_2647,cluster_2607,cluster_2647,Q93HL2,Q93HL1,feasibility50,1,robust_correct,2
2024-02,Training500,3lbx__B1_P11277--3lbx__A1_P02549,3lbx,cluster_8658_8658,cluster_8658,cluster_8658,P11277,P02549,group1,1,robust_correct,0
2024-02,Training500,2gsm__A1_P33517--2gsm__B1_Q03736,2gsm,cluster_1898_1904,cluster_1904,cluster_1898,P33517,Q03736,feasibility50,1,robust_correct,1
2024-02,Training500,5jkt__A1_P20536--5jkt__B1_P20995,5jkt,cluster_7852_7853,cluster_7852,cluster_7853,P20536,P20995,group1,1,robust_correct,3
2024-02,Training500,5vzt__B1_Q5XUX0--5vzt__A1_P63208,5vzt,cluster_16010_1706,cluster_16010,cluster_1706,Q5XUX0,P63208,group1,1,robust_correct,4
2024-02,Training500,2zjs__A1_Q5SHQ8--2zjs__B1_P38383,2zjs,cluster_17947_757,cluster_757,cluster_17947,Q5SHQ8,P38383,group1,1,robust_correct,2
2024-02,Training500,4xyd__A1_Q16A04--4xyd__B1_Q16A03,4xyd,cluster_17742_17743,cluster_17742,cluster_17743,Q16A04,Q16A03,feasibility50,1,robust_correct,0
2024-02,Training500,4mgy__A1_Q9EQZ6--4mgy__B1_P61224,4mgy,cluster_24946_437,cluster_24946,cluster_437,Q9EQZ6,P61224,group1,1,robust_correct,1
2024-02,Training500,6p7y__A1_J7H333--6p7y__B1_P52799,6p7y,cluster_4810_8064,cluster_4810,cluster_8064,J7H333,P52799,group3,1,robust_correct,3
2024-02,Training500,6rm9__A1_G0SEG4--6rm9__B1_G0SFN3,6rm9,cluster_2194_31575,cluster_2194,cluster_31575,G0SEG4,G0SFN3,group1,1,robust_correct,4
2024-02,Training500,3wxm__A1_Q9YAV0--3wxm__B1_Q9YAZ5,3wxm,cluster_12560_841,cluster_841,cluster_12560,Q9YAV0,Q9YAZ5,group1,1,robust_correct,2
2024-02,Training500,4fqb__B1_Q9I2Q0--4fqb__A1_Q9I2Q1,4fqb,cluster_8105_8106,cluster_8105,cluster_8106,Q9I2Q0,Q9I2Q1,feasibility50,1,robust_correct,0
2024-02,Training500,2b11__A1_P00431--2b11__B1_P00044,2b11,cluster_1375_1918,cluster_1918,cluster_1375,P00431,P00044,group2,1,robust_correct,1
2024-02,Training500,4noo__A1_Q9KN42--4noo__B1_Q9KN41,4noo,cluster_12779_12780,cluster_12779,cluster_12780,Q9KN42,Q9KN41,feasibility50,1,robust_correct,3
2024-02,Training500,6ocf__A1_Q7L8A9--6ocf__B1_Q8N300,6ocf,cluster_15142_25499,cluster_15142,cluster_25499,Q7L8A9,Q8N300,group2,1,robust_correct,4
2024-02,Training500,4u4p__A1_O95347--4u4p__B1_Q9NTJ3,4u4p,cluster_15451_15459,cluster_15459,cluster_15451,O95347,Q9NTJ3,group2,1,robust_correct,2
2024-02,Training500,6z81__A1_P05852--6z81__C1_P76256,6z81,cluster_23754_4598,cluster_4598,cluster_23754,P05852,P76256,feasibility50,1,robust_correct,0
2024-02,Training500,1e1c__A1_P11653--1e1c__B1_P11652,1e1c,cluster_8304_8305,cluster_8304,cluster_8305,P11653,P11652,feasibility50,1,robust_correct,1
2024-02,Training500,3e0j__G1_P49005--3e0j__H1_Q15054,3e0j,cluster_11612_11613,cluster_11612,cluster_11613,P49005,Q15054,group3,1,robust_correct,3
2024-02,Training500,3a98__B1_Q92556--3a98__A1_Q92608,3a98,cluster_15574_998,cluster_15574,cluster_998,Q92556,Q92608,group1,1,robust_correct,4
2024-02,Training500,5ayr__A1_P13051--5ayr__B1_Q936H5,5ayr,cluster_1602_4870,cluster_1602,cluster_4870,P13051,Q936H5,group1,1,robust_correct,2
2024-02,Training500,6j7m__A1_Q9HZZ1--6j7m__C1_Q9HZZ2,6j7m,cluster_30249_6390,cluster_30249,cluster_6390,Q9HZZ1,Q9HZZ2,feasibility50,1,robust_correct,0
2024-02,Training500,2apo__A1_Q57612--2apo__B1_P81303,2apo,cluster_4709_4710,cluster_4709,cluster_4710,Q57612,P81303,feasibility50,1,robust_correct,1
2024-02,Training500,4nfu__A1_Q9XF23--4nfu__B1_Q4F883,4nfu,cluster_5028_5029,cluster_5028,cluster_5029,Q9XF23,Q4F883,feasibility50,1,robust_correct,3
2024-02,Training500,6djl__C1_O60239--6djl__A1_P62491,6djl,cluster_32150_437,cluster_32150,cluster_437,O60239,P62491,feasibility50,1,robust_correct,4
2024-02,Training500,3n4i__A1_P0AD64--3n4i__B1_P35804,3n4i,cluster_3641_3642,cluster_3641,cluster_3642,P0AD64,P35804,group1,1,robust_correct,2
2024-02,Training500,4g94__B1_Q4Z9Y5--4g94__A1_P0A0J0,4g94,cluster_345_9833,cluster_9833,cluster_345,Q4Z9Y5,P0A0J0,group1,1,robust_correct,0
2024-02,Training500,5l0w__A1_G0SH41--5l0w__B1_G0S0B5,5l0w,cluster_1260_8241,cluster_1260,cluster_8241,G0SH41,G0S0B5,group3,1,robust_correct,1
2024-02,Training500,6kbe__A1_B9G207--6kbe__B1_P0CG48,6kbe,cluster_1408_415,cluster_1408,cluster_415,B9G207,P0CG48,group3,1,robust_correct,3
2024-02,Training500,1spp__B1_P35496--1spp__A1_P35495,1spp,cluster_17629_17629,cluster_17629,cluster_17629,P35496,P35495,group1,1,robust_correct,4
2024-02,Training500,4wlp__A1_Q9Y5K5--4wlp__B1_Q6P4R8,4wlp,cluster_2405_5709,cluster_2405,cluster_5709,Q9Y5K5,Q6P4R8,group3,1,robust_correct,2
2024-02,Training500,5ztb__B1_Q72LF3--5ztb__A1_Q72LF4,5ztb,cluster_3180_5364,cluster_3180,cluster_5364,Q72LF3,Q72LF4,group3,1,robust_correct,0
2024-02,Training500,7bv5__C1_Q9URQ3--7bv5__A1_P47058,7bv5,cluster_1296_22587,cluster_22587,cluster_1296,Q9URQ3,P47058,feasibility50,1,robust_correct,1
2024-02,Training500,4at7__A1_Q9CXY6--4at7__B1_Q9Z1X4,4at7,cluster_9207_9208,cluster_9207,cluster_9208,Q9CXY6,Q9Z1X4,group3,1,robust_correct,3
2024-02,Training500,6j4p__A1_Q86V25--6j4p__B1_Q8N300,6j4p,cluster_15142_25522,cluster_15142,cluster_25522,Q86V25,Q8N300,feasibility50,1,robust_correct,4
2024-02,Training500,4oy2__A1_P46677--4oy2__D1_Q05021,4oy2,cluster_4932_4933,cluster_4932,cluster_4933,P46677,Q05021,feasibility50,1,robust_correct,2
2024-02,Training500,4zir__A1_Q9WY65--4zir__B1_Q9X1Z1,4zir,cluster_610_610,cluster_610,cluster_610,Q9WY65,Q9X1Z1,group1,1,robust_correct,0
2024-02,Training500,1rj9__B1_O07347--1rj9__A1_P83749,1rj9,cluster_236_236,cluster_236,cluster_236,O07347,P83749,group1,1,robust_correct,1
2024-02,Training500,2rax__A1_O15392--2rax__B1_Q53HL2,2rax,cluster_2437_9774,cluster_2437,cluster_9774,O15392,Q53HL2,group2,1,robust_correct,3
2024-02,Training500,6yva__A1_P0DTD1--6yva__B1_Q64339,6yva,cluster_3139_415,cluster_3139,cluster_415,P0DTD1,Q64339,group1,1,robust_correct,4
2024-02,Training500,7mnr__A1_P62826--7mnr__B1_P49792,7mnr,cluster_11956_437,cluster_437,cluster_11956,P62826,P49792,group3,1,robust_correct,2
2024-02,Training500,4giz__A1_P0AEX9--4giz__C1_P03126,4giz,cluster_10592_409,cluster_409,cluster_10592,P0AEX9,P03126,group2,1,robust_correct,0
2024-02,Training500,7sa1__B1_Q5VMP0--7sa1__A1_Q39255,7sa1,cluster_1706_21415,cluster_21415,cluster_1706,Q5VMP0,Q39255,group2,1,robust_correct,1
2024-02,Training500,4dex__A1_P54288--4dex__B1_Q02294,4dex,cluster_37018_5083,cluster_5083,cluster_37018,P54288,Q02294,group3,1,robust_correct,3
2024-02,Training500,6au8__A1_Q7L5D6--6au8__B1_P46379,6au8,cluster_10083_5104,cluster_10083,cluster_5104,Q7L5D6,P46379,group3,1,robust_correct,4
2024-02,Training500,3k7v__A1_P30153--3k7v__B1_P67775,3k7v,cluster_1544_2851,cluster_2851,cluster_1544,P30153,P67775,feasibility50,1,robust_correct,2
2024-02,Training500,6pnp__A1_Q9CS84--6pnp__B1_Q63366,6pnp,cluster_37121_37122,cluster_37121,cluster_37122,Q9CS84,Q63366,feasibility50,1,robust_correct,0
2024-02,Training500,5ky2__A1_Q91ZW2--5ky2__B1_P70375,5ky2,cluster_3018_588,cluster_588,cluster_3018,Q91ZW2,P70375,group1,1,robust_correct,1
2024-02,Training500,1vf6__A1_Q8NI35--1vf6__C1_Q9JLB2,1vf6,cluster_9363_9364,cluster_9363,cluster_9364,Q8NI35,Q9JLB2,feasibility50,1,robust_correct,3
2024-02,Training500,3n9y__A1_P05108--3n9y__C1_P10109,3n9y,cluster_3707_4339,cluster_3707,cluster_4339,P05108,P10109,group3,1,robust_correct,4
2024-02,Training500,2zae__A1_O59425--2zae__B1_O59248,2zae,cluster_12983_12984,cluster_12983,cluster_12984,O59425,O59248,group3,1,robust_correct,2
2024-02,Training500,2b5u__A1_P00646--2b5u__B1_P02984,2b5u,cluster_15945_15946,cluster_15945,cluster_15946,P00646,P02984,group1,1,robust_correct,0
2024-02,Training500,4ip3__A1_Q8VSD5--4ip3__B1_P61088,4ip3,cluster_1408_16815,cluster_16815,cluster_1408,Q8VSD5,P61088,feasibility50,1,robust_correct,1
2024-02,Training500,4k5a__A1_Q1RMX3--4k5a__B1_UNDEFINED,4k5a,cluster_1936_583,cluster_1936,cluster_583,Q1RMX3,UNDEFINED,group1,1,robust_correct,3
2024-02,Training500,5f4e__A1_Q8IYV9--5f4e__B1_A6ND01,5f4e,cluster_9086_9087,cluster_9086,cluster_9087,Q8IYV9,A6ND01,group1,1,robust_correct,4
2024-02,Training500,2yin__B1_Q92608--2yin__D1_P63000,2yin,cluster_12110_437,cluster_12110,cluster_437,Q92608,P63000,group1,1,robust_correct,2
2024-02,Training500,4u1c__A1_P32497--4u1c__B1_P38249,4u1c,cluster_10146_2441,cluster_2441,cluster_10146,P32497,P38249,group1,1,robust_correct,0
2024-02,Training500,7s7q__A1_Q8I1Y0--7s7q__B1_C6KSX0,7s7q,cluster_35248_35249,cluster_35248,cluster_35249,Q8I1Y0,C6KSX0,group3,1,robust_correct,1
2024-02,Training500,3mxn__A1_Q9H9A7--3mxn__B1_Q96E14,3mxn,cluster_4532_4533,cluster_4532,cluster_4533,Q9H9A7,Q96E14,feasibility50,1,robust_correct,3
2024-02,Training500,2yaj__A1_Q38HX4--2yaj__B1_Q38HX3,2yaj,cluster_5562_5563,cluster_5562,cluster_5563,Q38HX4,Q38HX3,group3,1,robust_correct,4
2024-02,Training500,4oh8__B1_Q8WWW0--4oh8__A1_Q13043,4oh8,cluster_5163_8741,cluster_8741,cluster_5163,Q8WWW0,Q13043,group3,1,robust_correct,2
2024-02,Training500,5fbz__A1_A0A182DWC7--5fbz__B1_P01053,5fbz,cluster_37934_387,cluster_37934,cluster_387,A0A182DWC7,P01053,group3,1,robust_correct,0
2024-02,Training500,4bvx__A1_P56192--4bvx__B1_O43324,4bvx,cluster_1930_1934,cluster_1934,cluster_1930,P56192,O43324,feasibility50,1,robust_correct,1
2024-02,Training500,6qxp__A1_O48809--6qxp__I1_Q9FZA0,6qxp,cluster_1977_2601,cluster_1977,cluster_2601,O48809,Q9FZA0,group1,1,robust_correct,3
2024-02,Training500,5vpc__B1_P17535--5vpc__A1_P53539,5vpc,cluster_11019_29001,cluster_29001,cluster_11019,P17535,P53539,group1,1,robust_correct,4
2024-02,Training500,5f22__B1_P0C6X7--5f22__A1_P0C6U8,5f22,cluster_306_307,cluster_306,cluster_307,P0C6X7,P0C6U8,feasibility50,1,robust_correct,2
2024-02,Training500,1krl__B1_P02882--1krl__A1_P02881,1krl,cluster_3543_3543,cluster_3543,cluster_3543,P02882,P02881,group1,1,robust_correct,0
2024-02,Training500,4xt2__C1_Q99814--4xt2__A1_P27540,4xt2,cluster_2976_2976,cluster_2976,cluster_2976,Q99814,P27540,group1,1,robust_correct,1
2024-02,Training500,6l4p__A1_Q9XHH2--6l4p__B1_Q39575,6l4p,cluster_2106_21655,cluster_2106,cluster_21655,Q9XHH2,Q39575,feasibility50,1,robust_correct,3
2024-02,Training500,3zr4__A1_Q9X0C6--3zr4__B1_Q9X0C8,3zr4,cluster_6869_6870,cluster_6869,cluster_6870,Q9X0C6,Q9X0C8,feasibility50,1,robust_correct,4
2024-02,Training500,5lsb__A1_Q99181--5lsb__B1_Q02554,5lsb,cluster_2105_993,cluster_993,cluster_2105,Q99181,Q02554,group2,1,robust_correct,2
2024-02,Training500,5tbk__J1_P18754--5tbk__A1_O00629,5tbk,cluster_1373_1762,cluster_1762,cluster_1373,P18754,O00629,group3,1,robust_correct,0
2024-02,Training500,3axj__B1_Q9VF77--3axj__A1_Q7JVK6,3axj,cluster_6242_6242,cluster_6242,cluster_6242,Q9VF77,Q7JVK6,group3,1,robust_correct,1
2024-02,Training500,3cbk__A1_P07858--3cbk__B1_Q966X9,3cbk,cluster_6304_6704,cluster_6704,cluster_6304,P07858,Q966X9,feasibility50,1,robust_correct,3
2024-02,Training500,4zkc__A1_Q2F862--4zkc__B1_P80098,4zkc,cluster_144_19156,cluster_19156,cluster_144,Q2F862,P80098,feasibility50,1,robust_correct,4
2024-02,Training500,6a3v__A1_P41273--6a3v__B1_Q07011,6a3v,cluster_5515_6908,cluster_6908,cluster_5515,P41273,Q07011,group3,1,robust_correct,2
2024-02,Training500,7s0y__A1_P18177--7s0y__B1_P60953,7s0y,cluster_437_7718,cluster_7718,cluster_437,P18177,P60953,group3,1,robust_correct,0
2024-02,Training500,2y9y__B1_P43596--2y9y__A1_P38144,2y9y,cluster_16576_30384,cluster_16576,cluster_30384,P43596,P38144,group3,1,robust_correct,1
2024-02,Training500,5uiw__A1_P51681--5uiw__B1_P13501,5uiw,cluster_143_144,cluster_143,cluster_144,P51681,P13501,group1,1,robust_correct,3
2024-02,Training500,1ogy__A1_Q53176--1ogy__B1_Q53177,1ogy,cluster_1993_1994,cluster_1993,cluster_1994,Q53176,Q53177,group2,1,robust_correct,4
2024-02,Training500,2a1j__B1_P07992--2a1j__A1_Q92889,2a1j,cluster_12762_6937,cluster_6937,cluster_12762,P07992,Q92889,group2,1,robust_correct,2
2024-02,Training500,1ira__B1_P14778--1ira__A1_P18510,1ira,cluster_693_9399,cluster_9399,cluster_693,P14778,P18510,group1,1,robust_correct,0
2024-02,Training500,4bry__A1_O75496--4bry__B1_D6RGH6,4bry,cluster_15378_28762,cluster_15378,cluster_28762,O75496,D6RGH6,group2,1,robust_correct,1
2024-02,Training500,6i7s__C1_P55157--6i7s__A1_P07237,6i7s,cluster_22133_621,cluster_22133,cluster_621,P55157,P07237,group1,1,robust_correct,3
2024-02,Training500,5ch7__A1_G8QM55--5ch7__B1_G8QM54,5ch7,cluster_17946_3416,cluster_3416,cluster_17946,G8QM55,G8QM54,group2,1,robust_correct,4
2024-02,Training500,3lcb__A1_Q8X607--3lcb__D2_P08200,3lcb,cluster_1246_13811,cluster_13811,cluster_1246,Q8X607,P08200,group3,1,robust_correct,2
2024-02,Training500,7dnn__A1_H0QPL9--7dnn__B1_H0QPL8,7dnn,cluster_6967_6968,cluster_6967,cluster_6968,H0QPL9,H0QPL8,group3,1,robust_correct,0
2024-02,Training500,1luj__A1_P35222--1luj__B1_Q9JJN6,1luj,cluster_1373_8533,cluster_1373,cluster_8533,P35222,Q9JJN6,feasibility50,1,robust_correct,1
2024-02,Training500,6hul__B1_P50383--6hul__A1_P50382,6hul,cluster_1163_4654,cluster_4654,cluster_1163,P50383,P50382,group2,1,robust_correct,3
2024-02,Training500,5t3r__B1_Q8A6W3--5t3r__A1_Q8A6W4,5t3r,cluster_2672_2673,cluster_2672,cluster_2673,Q8A6W3,Q8A6W4,group2,1,robust_correct,4
2024-02,Training500,6vax__A1_P31040--6vax__B1_Q9NX18,6vax,cluster_11268_392,cluster_392,cluster_11268,P31040,Q9NX18,group1,1,robust_correct,2
2024-02,Training500,2b42__A1_Q8H0K8--2b42__B1_P18429,2b42,cluster_6292_7873,cluster_7873,cluster_6292,Q8H0K8,P18429,group3,1,robust_correct,0
2024-02,Training500,3vyr__B1_Q5JII1--3vyr__A1_Q5JII0,3vyr,cluster_1112_32790,cluster_32790,cluster_1112,Q5JII1,Q5JII0,group1,1,robust_correct,1
2024-02,Training500,6r6n__A1_Q1Q7P4--6r6n__B1_Q1Q7P3,6r6n,cluster_29905_9,cluster_9,cluster_29905,Q1Q7P4,Q1Q7P3,group1,1,robust_correct,3
2024-02,Training500,1zoq__A1_Q14653--1zoq__B1_Q92793,1zoq,cluster_9276_9277,cluster_9276,cluster_9277,Q14653,Q92793,group2,1,robust_correct,4
2024-02,Training500,4hg6__A1_Q3J125--4hg6__B1_Q3J126,4hg6,cluster_16344_16345,cluster_16344,cluster_16345,Q3J125,Q3J126,feasibility50,1,robust_correct,2
2024-02,Training500,5vxz__A1_Q14393--5vxz__C1_P30530,5vxz,cluster_22270_9993,cluster_9993,cluster_22270,Q14393,P30530,feasibility50,1,robust_correct,0
2024-02,Training500,3w2v__A1_Q8U1S6--3w2v__B1_Q8U1S7,3w2v,cluster_7008_7009,cluster_7008,cluster_7009,Q8U1S6,Q8U1S7,group2,1,robust_correct,1
2024-02,Training500,6p66__B1_O29890--6p66__A1_O29889,6p66,cluster_13819_13820,cluster_13819,cluster_13820,O29890,O29889,group3,1,robust_correct,3
2024-02,Training500,6fc2__A1_P07260--6fc2__B1_P36041,6fc2,cluster_2391_24539,cluster_2391,cluster_24539,P07260,P36041,feasibility50,1,robust_correct,4
2024-02,Training500,3gb8__A1_O14980--3gb8__B1_O95149,3gb8,cluster_435_769,cluster_435,cluster_769,O14980,O95149,group3,1,robust_correct,2
2024-02,Training500,5yh3__A1_Q96MK3--5yh3__B1_Q8IXL6,5yh3,cluster_6497_6497,cluster_6497,cluster_6497,Q96MK3,Q8IXL6,group1,1,robust_correct,0
2024-02,Training500,1ujw__A1_P06129--1ujw__B1_P00646,1ujw,cluster_15945_7863,cluster_7863,cluster_15945,P06129,P00646,group3,1,robust_correct,1
2024-02,Training500,6cp8__A1_A0A2A2CAY5--6cp8__C1_A0A2A2C800,6cp8,cluster_18238_18239,cluster_18238,cluster_18239,A0A2A2CAY5,A0A2A2C800,feasibility50,1,robust_correct,3
2024-02,Training500,5wuq__A1_Q45585--5wuq__C1_Q45588,5wuq,cluster_120_3090,cluster_120,cluster_3090,Q45585,Q45588,group1,1,robust_correct,4
2024-02,Training500,1vc1__A1_Q9X1F5--1vc1__B1_Q9X1F5,1vc1,cluster_13246_13246,cluster_13246,cluster_13246,Q9X1F5,Q9X1F5,group1,1,robust_correct,3
2024-02,Training500,3f6t__B1_Q5FIG7--3f6t__A1_Q5FIG7,3f6t,cluster_575_575,cluster_575,cluster_575,Q5FIG7,Q5FIG7,group1,1,robust_correct,2
2024-02,Training500,4g3k__A1_O66591--4g3k__B1_O66591,4g3k,cluster_22960_22960,cluster_22960,cluster_22960,O66591,O66591,group1,1,robust_correct,4
2024-02,Training500,6vwo__A1_P0AEW6--6vwo__A2_P0AEW6,6vwo,cluster_25747_25747,cluster_25747,cluster_25747,P0AEW6,P0AEW6,group2,1,robust_correct,1
2024-02,Training500,4eog__A1_UNDEFINED--4eog__A2_UNDEFINED,4eog,cluster_22129_22129,cluster_22129,cluster_22129,UNDEFINED,UNDEFINED,group3,1,robust_correct,0
2024-02,Training500,5tc2__A1_P04585--5tc2__B1_P04585,5tc2,cluster_17_17,cluster_17,cluster_17,P04585,P04585,group3,1,robust_correct,3
2024-02,Training500,3up1__A1_P16871--3up1__B1_P16871,3up1,cluster_7163_7163,cluster_7163,cluster_7163,P16871,P16871,group2,1,robust_correct,2
2024-02,Training500,3fkq__A1_D0VX10--3fkq__A2_D0VX10,3fkq,cluster_12251_12251,cluster_12251,cluster_12251,D0VX10,D0VX10,group3,1,robust_correct,4
2024-02,Training500,2raf__B1_F9URQ8--2raf__A1_F9URQ8,2raf,cluster_23535_23535,cluster_23535,cluster_23535,F9URQ8,F9URQ8,group1,1,robust_correct,1
2024-02,Training500,3d3r__A1_Q8EF93--3d3r__B1_Q8EF93,3d3r,cluster_37898_37898,cluster_37898,cluster_37898,Q8EF93,Q8EF93,group2,1,robust_correct,0
2024-02,Training500,1zp6__A1_A9CEJ3--1zp6__A2_A9CEJ3,1zp6,cluster_28190_28190,cluster_28190,cluster_28190,A9CEJ3,A9CEJ3,group1,1,robust_correct,3
2024-02,Training500,1b3q__B1_Q56310--1b3q__A1_Q56310,1b3q,cluster_13589_13589,cluster_13589,cluster_13589,Q56310,Q56310,group1,1,robust_correct,2
2024-02,Training500,1xsv__A1_P67248--1xsv__B1_P67248,1xsv,cluster_27679_27679,cluster_27679,cluster_27679,P67248,P67248,group3,1,robust_correct,4
2024-02,Training500,2pyu__A1_P52061--2pyu__A2_P52061,2pyu,cluster_1715_1715,cluster_1715,cluster_1715,P52061,P52061,group2,1,robust_correct,1
2024-02,Training500,7cdv__A1_A0A2I4PGE9--7cdv__B1_A0A2I4PGE9,7cdv,cluster_1257_1257,cluster_1257,cluster_1257,A0A2I4PGE9,A0A2I4PGE9,group1,1,robust_correct,0
2024-02,Training500,7ovp__A1_O58230--7ovp__B1_O58230,7ovp,cluster_29336_29336,cluster_29336,cluster_29336,O58230,O58230,group2,1,robust_correct,3
2024-02,Training500,4ny2__A1_UNDEFINED--4ny2__B1_UNDEFINED,4ny2,cluster_6315_6315,cluster_6315,cluster_6315,UNDEFINED,UNDEFINED,group1,1,robust_correct,2
2024-02,Training500,5z5y__A1_P02866--5z5y__B1_P02866,5z5y,cluster_1152_1152,cluster_1152,cluster_1152,P02866,P02866,group3,1,robust_correct,4
2024-02,Training500,1kzh__A1_P70826--1kzh__B1_P70826,1kzh,cluster_4308_4308,cluster_4308,cluster_4308,P70826,P70826,group1,1,robust_correct,1
2024-02,Training500,1vp7__B1_Q7VV85--1vp7__A1_Q7VV85,1vp7,cluster_27377_27377,cluster_27377,cluster_27377,Q7VV85,Q7VV85,group2,1,robust_correct,0
2024-02,Training500,4kun__A1_UNDEFINED--4kun__B1_UNDEFINED,4kun,cluster_20206_20206,cluster_20206,cluster_20206,UNDEFINED,UNDEFINED,group1,1,robust_correct,3
2024-02,Training500,4har__A1_P08563--4har__B1_P08563,4har,cluster_23519_23519,cluster_23519,cluster_23519,P08563,P08563,group2,1,robust_correct,2
2024-02,Training500,5an6__B1_Q9X2D0--5an6__C1_Q9X2D0,5an6,cluster_33544_33544,cluster_33544,cluster_33544,Q9X2D0,Q9X2D0,group3,1,robust_correct,4
2024-02,Training500,2vcg__D1_Q70I53--2vcg__A1_Q70I53,2vcg,cluster_4973_4973,cluster_4973,cluster_4973,Q70I53,Q70I53,group2,1,robust_correct,1
2024-02,Training500,1b7e__A1_Q46731--1b7e__A2_Q46731,1b7e,cluster_12148_12148,cluster_12148,cluster_12148,Q46731,Q46731,group1,1,robust_correct,0
2024-02,Training500,2d1g__A1_A0Q436--2d1g__B1_A0Q436,2d1g,cluster_36673_36673,cluster_36673,cluster_36673,A0Q436,A0Q436,group1,1,robust_correct,3
2024-02,Training500,3fx0__B1_Q9Y6K9--3fx0__A1_Q9Y6K9,3fx0,cluster_3603_3603,cluster_3603,cluster_3603,Q9Y6K9,Q9Y6K9,group2,1,robust_correct,2
2024-02,Training500,2aye__B1_Q84294--2aye__A1_Q84294,2aye,cluster_1084_1084,cluster_1084,cluster_1084,Q84294,Q84294,group1,1,robust_correct,4
2024-02,Training500,3cam__A1_Q9JZZ4--3cam__B1_Q9JZZ4,3cam,cluster_2873_2873,cluster_2873,cluster_2873,Q9JZZ4,Q9JZZ4,group2,1,robust_correct,1
2024-02,Training500,2q1k__A1_Q1EHA4--2q1k__B1_Q1EHA4,2q1k,cluster_19020_19020,cluster_19020,cluster_19020,Q1EHA4,Q1EHA4,group2,1,robust_correct,0
2024-02,Training500,5mxg__A1_C7BLE4--5mxg__A2_C7BLE4,5mxg,cluster_4501_4501,cluster_4501,cluster_4501,C7BLE4,C7BLE4,group2,1,robust_correct,3
2024-02,Training500,4cfg__A1_Q14258--4cfg__B1_Q14258,4cfg,cluster_19549_19549,cluster_19549,cluster_19549,Q14258,Q14258,group1,1,robust_correct,2
2024-02,Training500,6y62__B1_Q5MYC0--6y62__A1_Q5MYC0,6y62,cluster_1928_1944,cluster_1928,cluster_1944,Q5MYC0,Q5MYC0,group2,1,robust_correct,4
2024-02,Training500,2dm9__A1_O57724--2dm9__B1_O57724,2dm9,cluster_4445_4445,cluster_4445,cluster_4445,O57724,O57724,group3,1,robust_correct,1
2024-02,Training500,4git__A1_Q84FG5--4git__B1_Q84FG5,4git,cluster_3575_3575,cluster_3575,cluster_3575,Q84FG5,Q84FG5,group2,1,robust_correct,0
2024-02,Training500,3nnf__A1_Q6DNF2--3nnf__A2_Q6DNF2,3nnf,cluster_33162_33162,cluster_33162,cluster_33162,Q6DNF2,Q6DNF2,group1,1,robust_correct,3
2024-02,Training500,6efw__A1_J9VIT7--6efw__A2_J9VIT7,6efw,cluster_20270_20270,cluster_20270,cluster_20270,J9VIT7,J9VIT7,group1,1,robust_correct,2
2024-02,Training500,3b4y__A1_P9WNE1--3b4y__B1_P9WNE1,3b4y,cluster_29286_29286,cluster_29286,cluster_29286,P9WNE1,P9WNE1,group3,1,robust_correct,4
2024-02,Training500,6exa__B1_Q5ZYC7--6exa__A1_Q5ZYC7,6exa,cluster_4995_4995,cluster_4995,cluster_4995,Q5ZYC7,Q5ZYC7,group1,1,robust_correct,1
2024-02,Training500,2eiu__E1_O67549--2eiu__A1_O67549,2eiu,cluster_23769_23769,cluster_23769,cluster_23769,O67549,O67549,group3,1,robust_correct,0
2024-02,Training500,4obx__A1_P49017--4obx__D1_P49017,4obx,cluster_37377_37377,cluster_37377,cluster_37377,P49017,P49017,group1,1,robust_correct,3
2024-02,Training500,2ei5__A1_Q5SM82--2ei5__B1_Q5SM82,2ei5,cluster_23761_23761,cluster_23761,cluster_23761,Q5SM82,Q5SM82,group3,1,robust_correct,2
2024-02,Training500,4gof__A1_O43765--4gof__B1_O43765,4gof,cluster_5189_5189,cluster_5189,cluster_5189,O43765,O43765,group1,1,robust_correct,4
2024-02,Training500,2ntx__A1_Q9LV40--2ntx__B1_Q9LV40,2ntx,cluster_19528_19528,cluster_19528,cluster_19528,Q9LV40,Q9LV40,group2,1,robust_correct,1
2024-02,Training500,5gwv__B1_A0A010--5gwv__A1_A0A010,5gwv,cluster_20419_20419,cluster_20419,cluster_20419,A0A010,A0A010,group3,1,robust_correct,0
2024-02,Training500,6kuc__A1_Q9Y006--6kuc__A2_Q9Y006,6kuc,cluster_33276_33276,cluster_33276,cluster_33276,Q9Y006,Q9Y006,group2,1,robust_correct,3
2024-02,Training500,5swi__A1_A0A0Y0HIE3--5swi__D1_A0A0Y0HIE3,5swi,cluster_5152_5152,cluster_5152,cluster_5152,A0A0Y0HIE3,A0A0Y0HIE3,group1,1,robust_correct,2
2024-02,Training500,1v5v__A1_O58888--1v5v__B1_O58888,1v5v,cluster_14502_14502,cluster_14502,cluster_14502,O58888,O58888,group1,1,robust_correct,4
2024-02,Training500,3e7l__A1_O66551--3e7l__B1_O66551,3e7l,cluster_18009_18009,cluster_18009,cluster_18009,O66551,O66551,group2,1,robust_correct,1
2024-02,Training500,3qty__A1_Q5NGF2--3qty__B1_Q5NGF2,3qty,cluster_9443_9443,cluster_9443,cluster_9443,Q5NGF2,Q5NGF2,group3,1,robust_correct,0
2024-02,Training500,6wlg__A1_Q68E01--6wlg__B2_Q68E01,6wlg,cluster_6155_6155,cluster_6155,cluster_6155,Q68E01,Q68E01,group3,1,robust_correct,3
2024-02,Training500,1qrk__B1_P00488--1qrk__A1_P00488,1qrk,cluster_4257_4257,cluster_4257,cluster_4257,P00488,P00488,group1,1,robust_correct,2
2024-02,Training500,1on8__A1_Q9ES89--1on8__B1_Q9ES89,1on8,cluster_10693_10693,cluster_10693,cluster_10693,Q9ES89,Q9ES89,group2,1,robust_correct,4
2024-02,Training500,1lyw__B1_P07339--1lyw__A1_P07339,1lyw,cluster_483_9737,cluster_483,cluster_9737,P07339,P07339,group3,1,robust_correct,1
2024-02,Training500,7acx__B1_Q9AEM2--7acx__A1_Q9AEM2,7acx,cluster_6774_6775,cluster_6774,cluster_6775,Q9AEM2,Q9AEM2,group3,1,robust_correct,0
2024-02,Training500,1k04__A1_Q05397--1k04__A2_Q05397,1k04,cluster_10850_10850,cluster_10850,cluster_10850,Q05397,Q05397,group1,1,robust_correct,3
2024-02,Training500,3wvb__A1_Q58649--3wvb__B1_Q58649,3wvb,cluster_15381_15381,cluster_15381,cluster_15381,Q58649,Q58649,group2,1,robust_correct,2
2024-02,Training500,7ppp__A1_A0A5F9DAT3--7ppp__B1_A0A5F9DAT3,7ppp,cluster_27042_27042,cluster_27042,cluster_27042,A0A5F9DAT3,A0A5F9DAT3,group2,1,robust_correct,4
2024-02,Training500,4v1i__A1_A0A140UH28--4v1i__B1_A0A140UH28,4v1i,cluster_31092_31092,cluster_31092,cluster_31092,A0A140UH28,A0A140UH28,group3,1,robust_correct,1
2024-02,Training500,1g6u__A1_UNDEFINED--1g6u__B1_UNDEFINED,1g6u,cluster_34425_34425,cluster_34425,cluster_34425,UNDEFINED,UNDEFINED,group2,1,robust_correct,0
2024-02,Training500,1ptq__A1_P28867--1ptq__A2_P28867,1ptq,cluster_16756_16756,cluster_16756,cluster_16756,P28867,P28867,group1,1,robust_correct,3
2024-02,Training500,6w2n__A1_Q4DJ68--6w2n__A2_Q4DJ68,6w2n,cluster_6342_6342,cluster_6342,cluster_6342,Q4DJ68,Q4DJ68,group3,1,robust_correct,2
2024-02,Training500,3d8h__B1_Q5CXZ9--3d8h__A1_Q5CXZ9,3d8h,cluster_1927_1927,cluster_1927,cluster_1927,Q5CXZ9,Q5CXZ9,group1,1,robust_correct,4
2024-02,Training500,7r79__B1_F0UVX7--7r79__A1_F0UVX7,7r79,cluster_9878_9878,cluster_9878,cluster_9878,F0UVX7,F0UVX7,group3,1,robust_correct,1
2024-02,Training500,3qsg__A1_C8WX00--3qsg__A2_C8WX00,3qsg,cluster_14333_14333,cluster_14333,cluster_14333,C8WX00,C8WX00,group1,1,robust_correct,0
2024-02,Training500,3w0l__B1_Q91754--3w0l__A1_Q91753,3w0l,cluster_15362_29247,cluster_29247,cluster_15362,Q91754,Q91753,feasibility50,2,fragile_correct,2
2024-02,Training500,2dcu__A1_Q8U082--2dcu__B1_Q8U3I5,2dcu,cluster_2663_3329,cluster_3329,cluster_2663,Q8U082,Q8U3I5,group1,2,fragile_correct,4
2024-02,Training500,4uhz__A1_P12643--4uhz__B1_Q6NW40,4uhz,cluster_1376_7063,cluster_1376,cluster_7063,P12643,Q6NW40,group1,2,fragile_correct,0
2024-02,Training500,1hh4__A1_P63000--1hh4__C1_P52565,1hh4,cluster_10578_437,cluster_437,cluster_10578,P63000,P52565,group2,2,fragile_correct,1
2024-02,Training500,3f8u__A1_P30101--3f8u__B1_O15533,3f8u,cluster_10886_621,cluster_621,cluster_10886,P30101,O15533,group3,2,fragile_correct,3
2024-02,Training500,6lqo__A1_P29882--6lqo__G1_P0CK49,6lqo,cluster_10253_24015,cluster_24015,cluster_10253,P29882,P0CK49,group1,2,fragile_correct,2
2024-02,Training500,4xl5__B1_UNDEFINED--4xl5__A1_P42212,4xl5,cluster_10903_91,cluster_10903,cluster_91,UNDEFINED,P42212,group1,2,fragile_correct,4
2024-02,Training500,7drb__B1_A0A2I8B6R1--7drb__A1_Q30BZ2,7drb,cluster_16810_3302,cluster_16810,cluster_3302,A0A2I8B6R1,Q30BZ2,group3,2,fragile_correct,0
2024-02,Training500,6ahy__B1_P56703--6ahy__A1_Q61091,6ahy,cluster_11260_3677,cluster_11260,cluster_3677,P56703,Q61091,feasibility50,2,fragile_correct,1
2024-02,Training500,6sqc__A1_P0AEX9--6sqc__B1_Q9Y6Q9,6sqc,cluster_23402_409,cluster_409,cluster_23402,P0AEX9,Q9Y6Q9,feasibility50,2,fragile_correct,3
2024-02,Training500,5lda__A1_Q8U1Y4--5lda__B1_Q8U1Z3,5lda,cluster_1447_5364,cluster_1447,cluster_5364,Q8U1Y4,Q8U1Z3,group3,2,fragile_correct,2
2024-02,Training500,2uzx__B1_P08581--2uzx__A1_P0DQD2,2uzx,cluster_10535_651,cluster_10535,cluster_651,P08581,P0DQD2,feasibility50,2,fragile_correct,4
2024-02,Training500,1x3w__A1_Q02890--1x3w__B1_P32628,1x3w,cluster_11806_16546,cluster_16546,cluster_11806,Q02890,P32628,group2,2,fragile_correct,0
2024-02,Training500,5b2h__A1_Q93HT5--5b2h__B1_Q93HT5,5b2h,cluster_2562_2562,cluster_2562,cluster_2562,Q93HT5,Q93HT5,group1,2,fragile_correct,1
2024-02,Training500,3mlf__A1_UNDEFINED--3mlf__B1_UNDEFINED,3mlf,cluster_22428_22428,cluster_22428,cluster_22428,UNDEFINED,UNDEFINED,group3,2,fragile_correct,3
2024-02,Training500,5hrm__B1_A0A077JBW9--5hrm__A1_A0A077JBW9,5hrm,cluster_1336_1336,cluster_1336,cluster_1336,A0A077JBW9,A0A077JBW9,group3,2,fragile_correct,2
2024-02,Training500,3jtz__A1_Q9Z3B4--3jtz__A2_Q9Z3B4,3jtz,cluster_7922_7922,cluster_7922,cluster_7922,Q9Z3B4,Q9Z3B4,group3,2,fragile_correct,0
2024-02,Training500,5cuz__A1_Q9H3L0--5cuz__A2_Q9H3L0,5cuz,cluster_30462_30462,cluster_30462,cluster_30462,Q9H3L0,Q9H3L0,group2,2,fragile_correct,4
2024-02,Training500,5e9h__B1_Q4HYR2--5e9h__A1_Q4HYR2,5e9h,cluster_3935_3935,cluster_3935,cluster_3935,Q4HYR2,Q4HYR2,group2,2,fragile_correct,1
2024-02,Training500,4z0o__A1_Q504Y3--4z0o__A2_Q504Y3,4z0o,cluster_2560_2560,cluster_2560,cluster_2560,Q504Y3,Q504Y3,group2,2,fragile_correct,3
2024-02,Training500,1bed__A1_P32557--1bed__A2_P32557,1bed,cluster_2303_2303,cluster_2303,cluster_2303,P32557,P32557,group3,2,fragile_correct,2
2024-02,Training500,6a9y__A1_Q9BQI5--6a9y__A2_Q9BQI5,6a9y,cluster_15576_15576,cluster_15576,cluster_15576,Q9BQI5,Q9BQI5,group3,2,fragile_correct,0
2024-02,Training500,3nbe__A1_B2ZRS9--3nbe__B1_B2ZRS9,3nbe,cluster_4625_4625,cluster_4625,cluster_4625,B2ZRS9,B2ZRS9,group3,2,fragile_correct,4
2024-02,Training500,7aed__B1_D1LHF8--7aed__A1_D1LHF8,7aed,cluster_16236_16236,cluster_16236,cluster_16236,D1LHF8,D1LHF8,group1,2,fragile_correct,1
2024-02,Training500,7dtl__A1_UNDEFINED--7dtl__B1_UNDEFINED,7dtl,cluster_30356_30356,cluster_30356,cluster_30356,UNDEFINED,UNDEFINED,group1,2,fragile_correct,3
2024-02,Training500,3rg2__A1_P10378--3rg2__B1_P10378,3rg2,cluster_15618_15618,cluster_15618,cluster_15618,P10378,P10378,group3,2,fragile_correct,2
2024-02,Training500,2hn1__A1_O29472--2hn1__A2_O29472,2hn1,cluster_6812_6812,cluster_6812,cluster_6812,O29472,O29472,group3,2,fragile_correct,0
2024-02,Training500,3fn7__A1_Q99ZN4--3fn7__A2_Q99ZN4,3fn7,cluster_11570_11570,cluster_11570,cluster_11570,Q99ZN4,Q99ZN4,group2,2,fragile_correct,4
2024-02,Training500,6y75__A1_Q236S9--6y75__B1_Q236S9,6y75,cluster_9365_9365,cluster_9365,cluster_9365,Q236S9,Q236S9,group2,2,fragile_correct,1
2024-02,Training500,5axg__B1_B0KBZ7--5axg__A1_B0KBZ7,5axg,cluster_6233_6233,cluster_6233,cluster_6233,B0KBZ7,B0KBZ7,group3,2,fragile_correct,3
2024-02,Training500,4hme__A1_B1VBB0--4hme__A2_B1VBB0,4hme,cluster_12661_12661,cluster_12661,cluster_12661,B1VBB0,B1VBB0,group3,2,fragile_correct,2
2024-02,Training500,4bjn__A1_Q2MV52--4bjn__B1_Q2MV52,4bjn,cluster_32102_32102,cluster_32102,cluster_32102,Q2MV52,Q2MV52,group2,2,fragile_correct,0
2024-02,Training500,2ynw__B1_Q704V1--2ynw__A1_Q704V1,2ynw,cluster_1585_1585,cluster_1585,cluster_1585,Q704V1,Q704V1,group1,2,fragile_correct,4
2024-02,Training500,1qqf__A1_P01026--1qqf__A2_P01026,1qqf,cluster_174_174,cluster_174,cluster_174,P01026,P01026,group1,2,fragile_correct,1
2024-02,Training500,6tgk__A1_Q05086--6tgk__A2_Q05086,6tgk,cluster_18560_18560,cluster_18560,cluster_18560,Q05086,Q05086,group2,2,fragile_correct,3
2024-02,Training500,1dov__A1_P26231--1dov__A2_P26231,1dov,cluster_23573_23573,cluster_23573,cluster_23573,P26231,P26231,group3,2,fragile_correct,2
2024-02,Training500,1i7f__A1_P0A6Y5--1i7f__A2_P0A6Y5,1i7f,cluster_16013_16013,cluster_16013,cluster_16013,P0A6Y5,P0A6Y5,group1,2,fragile_correct,0
2024-02,Training500,6rj8__A1_A0A5B8X6B5--6rj8__A2_A0A5B8X6B5,6rj8,cluster_247_247,cluster_247,cluster_247,A0A5B8X6B5,A0A5B8X6B5,group2,2,fragile_correct,4
2024-02,Training500,3vcb__A1_P0C6X9--3vcb__B1_P0C6X9,3vcb,cluster_13247_13247,cluster_13247,cluster_13247,P0C6X9,P0C6X9,group2,2,fragile_correct,1
2024-02,Training500,5fnw__A1_M1AKE5--5fnw__A2_M1AKE5,5fnw,cluster_11515_11515,cluster_11515,cluster_11515,M1AKE5,M1AKE5,group1,2,fragile_correct,3
2024-02,Training500,1qxx__A1_P02929--1qxx__A2_P02929,1qxx,cluster_2574_2574,cluster_2574,cluster_2574,P02929,P02929,group2,2,fragile_correct,2
2024-02,Training500,5t5s__A1_P49588--5t5s__A2_P49588,5t5s,cluster_10279_10279,cluster_10279,cluster_10279,P49588,P49588,group3,2,fragile_correct,0
2024-02,Training500,2yq2__A1_Q01499--2yq2__B1_Q01499,2yq2,cluster_8496_8496,cluster_8496,cluster_8496,Q01499,Q01499,group2,2,fragile_correct,4
2024-02,Training500,6yyi__A1_B5YB78--6yyi__B1_B5YB78,6yyi,cluster_7101_7101,cluster_7101,cluster_7101,B5YB78,B5YB78,group1,2,fragile_correct,1
2024-02,Training500,4nc4__A1_Q9FN03--4nc4__B1_Q9FN03,4nc4,cluster_735_735,cluster_735,cluster_735,Q9FN03,Q9FN03,group1,2,fragile_correct,3
2024-02,Training500,4rt0__A1_Q9HY69--4rt0__A2_Q9HY69,4rt0,cluster_6884_6884,cluster_6884,cluster_6884,Q9HY69,Q9HY69,group2,2,fragile_correct,2
2024-02,Training500,2j67__A1_Q9BXR5--2j67__B1_Q9BXR5,2j67,cluster_17154_17154,cluster_17154,cluster_17154,Q9BXR5,Q9BXR5,group3,2,fragile_correct,0
2024-02,Training500,6z70__A1_O66528--6z70__B1_O66528,6z70,cluster_5291_5291,cluster_5291,cluster_5291,O66528,O66528,group1,2,fragile_correct,4
2024-02,Training500,1exs__A1_P04119--1exs__A2_P04119,1exs,cluster_13713_13713,cluster_13713,cluster_13713,P04119,P04119,group1,2,fragile_correct,1
2024-02,Training500,3ups__A1_Q5NLX3--3ups__A2_Q5NLX3,3ups,cluster_4549_4549,cluster_4549,cluster_4549,Q5NLX3,Q5NLX3,group3,2,fragile_correct,3
2024-02,Training500,4mxe__A1_Q5FWF5--4mxe__B1_Q5FWF5,4mxe,cluster_4519_4519,cluster_4519,cluster_4519,Q5FWF5,Q5FWF5,group2,2,fragile_correct,2
2024-02,Training500,6o1t__A1_P79125--6o1t__B2_P79125,6o1t,cluster_21060_21060,cluster_21060,cluster_21060,P79125,P79125,group3,2,fragile_correct,0
2024-02,Training500,6y9m__D1_P36291--6y9m__A1_P36291,6y9m,cluster_30369_30369,cluster_30369,cluster_30369,P36291,P36291,group1,2,fragile_correct,4
2024-02,Training500,4k8w__A1_Q8RP52--4k8w__A2_Q8RP52,4k8w,cluster_25270_25270,cluster_25270,cluster_25270,Q8RP52,Q8RP52,group1,2,fragile_correct,1
2024-02,Training500,2ec2__A1_Q974H8--2ec2__C1_Q974H8,2ec2,cluster_7236_7236,cluster_7236,cluster_7236,Q974H8,Q974H8,group2,2,fragile_correct,3
2024-02,Training500,3u3q__A1_O75509--3u3q__A2_O75509,3u3q,cluster_2284_2284,cluster_2284,cluster_2284,O75509,O75509,group3,2,fragile_correct,2
2024-02,Training500,4wj0__A1_O58938--4wj0__B1_O58938,4wj0,cluster_8423_8423,cluster_8423,cluster_8423,O58938,O58938,group2,2,fragile_correct,0
2024-02,Training500,4nsr__A1_Q9KN41--4nsr__C1_Q9KN41,4nsr,cluster_12780_12780,cluster_12780,cluster_12780,Q9KN41,Q9KN41,group1,2,fragile_correct,4
2024-02,Training500,5bqb__A1_Q00604--5bqb__B1_Q00604,5bqb,cluster_12151_12151,cluster_12151,cluster_12151,Q00604,Q00604,group3,2,fragile_correct,1
2024-02,Training500,6njy__A1_F3ZXK6--6njy__B1_F3ZXK6,6njy,cluster_32919_32919,cluster_32919,cluster_32919,F3ZXK6,F3ZXK6,group1,2,fragile_correct,3
2024-02,Training500,2cuy__A1_Q5SL77--2cuy__B1_Q5SL77,2cuy,cluster_5433_5433,cluster_5433,cluster_5433,Q5SL77,Q5SL77,group2,2,fragile_correct,2
2024-02,Training500,3thf__A1_A1Z9P3--3thf__B1_A1Z9P3,3thf,cluster_16856_16856,cluster_16856,cluster_16856,A1Z9P3,A1Z9P3,group2,2,fragile_correct,0
2024-02,Training500,2zcm__B1_Q5HKQ1--2zcm__A1_Q5HKQ1,2zcm,cluster_27764_27764,cluster_27764,cluster_27764,Q5HKQ1,Q5HKQ1,group1,2,fragile_correct,4
2024-02,Training500,5cqs__A1_Q06706--5cqs__D1_Q06706,5cqs,cluster_3357_3357,cluster_3357,cluster_3357,Q06706,Q06706,group2,2,fragile_correct,1
2024-02,Training500,1na6__B1_P14633--1na6__A1_P14633,1na6,cluster_34614_34614,cluster_34614,cluster_34614,P14633,P14633,group3,2,fragile_correct,3
2024-02,Training500,5min__B1_P13650--5min__A1_P13650,5min,cluster_11757_11757,cluster_11757,cluster_11757,P13650,P13650,group2,2,fragile_correct,2
2024-02,Training500,5ve6__A1_Q86YV5--5ve6__A2_Q86YV5,5ve6,cluster_14661_14661,cluster_14661,cluster_14661,Q86YV5,Q86YV5,group2,2,fragile_correct,0
2024-02,Training500,3nbf__A1_Q72GF3--3nbf__B1_Q72GF3,3nbf,cluster_2584_2584,cluster_2584,cluster_2584,Q72GF3,Q72GF3,group1,2,fragile_correct,4
2024-02,Training500,3teq__C1_Q13586--3teq__A1_Q13586,3teq,cluster_7573_7591,cluster_7591,cluster_7573,Q13586,Q13586,group1,2,fragile_correct,1
2024-02,Training500,5kou__B1_Q82446--5kou__A1_Q82446,5kou,cluster_5587_5587,cluster_5587,cluster_5587,Q82446,Q82446,group3,2,fragile_correct,3
2024-02,Training500,5y78__A1_B5AJT1--5y78__B1_B5AJT1,5y78,cluster_9354_9354,cluster_9354,cluster_9354,B5AJT1,B5AJT1,group3,2,fragile_correct,2
2024-02,Training500,5l1m__A1_Q8WXE0--5l1m__A2_Q8WXE0,5l1m,cluster_1165_1165,cluster_1165,cluster_1165,Q8WXE0,Q8WXE0,group3,2,fragile_correct,0
2024-02,Training500,3e0y__A1_Q74E48--3e0y__B1_Q74E48,3e0y,cluster_19628_19628,cluster_19628,cluster_19628,Q74E48,Q74E48,group1,2,fragile_correct,4
2024-02,Training500,5gox__A1_Q92878--5gox__B1_Q92878,5gox,cluster_5233_5233,cluster_5233,cluster_5233,Q92878,Q92878,group3,2,fragile_correct,1
2024-02,Training500,7ped__A1_Q8TB45--7ped__B1_Q8TB45,7ped,cluster_13785_13785,cluster_13785,cluster_13785,Q8TB45,Q8TB45,group3,2,fragile_correct,3
2024-02,Training500,2yip__A1_P81860--2yip__B1_P81860,2yip,cluster_19081_19081,cluster_19081,cluster_19081,P81860,P81860,group3,2,fragile_correct,2
2024-02,Training500,2qko__B1_Q0S912--2qko__A1_Q0S912,2qko,cluster_25603_25603,cluster_25603,cluster_25603,Q0S912,Q0S912,group3,2,fragile_correct,0
2024-02,Training500,3cnu__A1_O28738--3cnu__A2_O28738,3cnu,cluster_30889_30889,cluster_30889,cluster_30889,O28738,O28738,group3,2,fragile_correct,4
2024-02,Training500,6lh6__A1_A0A1S2XQ25--6lh6__B1_A0A1S2XQ25,6lh6,cluster_12897_12897,cluster_12897,cluster_12897,A0A1S2XQ25,A0A1S2XQ25,group1,2,fragile_correct,1
2024-02,Training500,1nfp__A1_P09142--1nfp__A2_P09142,1nfp,cluster_14051_14051,cluster_14051,cluster_14051,P09142,P09142,group3,2,fragile_correct,3
2024-02,Training500,3x15__A1_O67504--3x15__C1_O67504,3x15,cluster_21566_21566,cluster_21566,cluster_21566,O67504,O67504,group3,2,fragile_correct,2
2024-02,Training500,3x0e__A1_P60033--3x0e__B1_P60033,3x0e,cluster_4192_4192,cluster_4192,cluster_4192,P60033,P60033,group2,2,fragile_correct,0
2024-02,Training500,7bjn__A1_Q8IGY1--7bjn__B1_Q8IGY1,7bjn,cluster_32093_32094,cluster_32093,cluster_32094,Q8IGY1,Q8IGY1,group1,2,fragile_correct,4
2024-02,Training500,2xcu__A1_O66663--2xcu__C1_O66663,2xcu,cluster_21682_21682,cluster_21682,cluster_21682,O66663,O66663,group1,2,fragile_correct,1
2024-02,Training500,3evi__A1_Q8N4E4--3evi__B1_Q8N4E4,3evi,cluster_621_9056,cluster_621,cluster_9056,Q8N4E4,Q8N4E4,group2,2,fragile_correct,3
2024-02,Training500,6otn__A1_P06753--6otn__B1_P06753,6otn,cluster_20078_2127,cluster_20078,cluster_2127,P06753,P06753,group1,2,fragile_correct,2
2024-02,Training500,1t6l__A1_P16790--1t6l__A2_P16790,1t6l,cluster_17184_17184,cluster_17184,cluster_17184,P16790,P16790,group3,2,fragile_correct,0
2024-02,Training500,6hlk__A1_A0A5H1ZR32--6hlk__A2_A0A5H1ZR32,6hlk,cluster_18876_18876,cluster_18876,cluster_18876,A0A5H1ZR32,A0A5H1ZR32,group3,2,fragile_correct,4
2024-02,Training500,4bou__A1_Q5T2D3--4bou__A2_Q5T2D3,4bou,cluster_12050_12050,cluster_12050,cluster_12050,Q5T2D3,Q5T2D3,group3,2,fragile_correct,1
2024-02,Training500,4g2u__A1_Q8T8F4--4g2u__B1_Q8T8F4,4g2u,cluster_19720_19720,cluster_19720,cluster_19720,Q8T8F4,Q8T8F4,group1,2,fragile_correct,3
2024-02,Training500,1k51__A1_Q51912--1k51__A2_Q51912,1k51,cluster_7436_7436,cluster_7436,cluster_7436,Q51912,Q51912,group3,2,fragile_correct,2
2024-02,Training500,1aor__A1_Q51739--1aor__B1_Q51739,1aor,cluster_7771_7771,cluster_7771,cluster_7771,Q51739,Q51739,group3,2,fragile_correct,0
2024-02,Training500,2o96__B1_P51665--2o96__A1_P51665,2o96,cluster_1446_1446,cluster_1446,cluster_1446,P51665,P51665,group1,2,fragile_correct,4
2024-02,Training500,2ypr__A1_Q99581--2ypr__B1_Q99581,2ypr,cluster_2670_2670,cluster_2670,cluster_2670,Q99581,Q99581,group3,2,fragile_correct,1
2024-02,Training500,6n85__A1_Q5E9J8--6n85__B1_P0AEX9,6n85,cluster_24627_409,cluster_24627,cluster_409,Q5E9J8,P0AEX9,group3,3,rerank_rescuable,3
2024-02,Training500,6pog__B1_Q99435--6pog__A1_Q96MS0,6pog,cluster_1605_19014,cluster_19014,cluster_1605,Q99435,Q96MS0,feasibility50,3,rerank_rescuable,1
2024-02,Training500,3ph0__A1_Q1EHA4--3ph0__B1_Q1EHA2,3ph0,cluster_19020_21028,cluster_19020,cluster_21028,Q1EHA4,Q1EHA2,group1,3,rerank_rescuable,0
2024-02,Training500,4iu2__B1_A0AEF5--4iu2__A1_A0AEF6,4iu2,cluster_31952_5701,cluster_31952,cluster_5701,A0AEF5,A0AEF6,feasibility50,3,rerank_rescuable,2
2024-02,Training500,2wwx__B1_Q5ZSQ3--2wwx__A1_P62820,2wwx,cluster_437_5118,cluster_5118,cluster_437,Q5ZSQ3,P62820,group3,3,rerank_rescuable,4
2024-02,Training500,7ouv__A1_Q14315--7ouv__B1_Q14315,7ouv,cluster_6310_6310,cluster_6310,cluster_6310,Q14315,Q14315,group2,3,rerank_rescuable,2
2024-02,Training500,7cnv__A1_A0B757--7cnv__B1_A0B757,7cnv,cluster_3885_3885,cluster_3885,cluster_3885,A0B757,A0B757,group3,3,rerank_rescuable,3
2024-02,Training500,7jre__A1_Q68T42--7jre__B1_Q68T42,7jre,cluster_14310_14310,cluster_14310,cluster_14310,Q68T42,Q68T42,group1,3,rerank_rescuable,1
2024-02,Training500,2r9a__A1_Q9H9Q4--2r9a__B1_Q9H9Q4,2r9a,cluster_63_63,cluster_63,cluster_63,Q9H9Q4,Q9H9Q4,group2,3,rerank_rescuable,4
2024-02,Training500,6wmk__A1_UNDEFINED--6wmk__B1_UNDEFINED,6wmk,cluster_4472_4472,cluster_4472,cluster_4472,UNDEFINED,UNDEFINED,group1,3,rerank_rescuable,0
2024-02,Training500,3toj__B1_Q9UBL3--3toj__A1_Q9UBL3,3toj,cluster_7096_7096,cluster_7096,cluster_7096,Q9UBL3,Q9UBL3,group2,3,rerank_rescuable,2
2024-02,Training500,2xgg__B1_UNDEFINED--2xgg__A1_UNDEFINED,2xgg,cluster_22085_22085,cluster_22085,cluster_22085,UNDEFINED,UNDEFINED,group2,3,rerank_rescuable,3
2024-02,Training500,4n1k__B1_Q86W24--4n1k__A1_Q86W24,4n1k,cluster_19179_19179,cluster_19179,cluster_19179,Q86W24,Q86W24,group1,3,rerank_rescuable,1
2024-02,Training500,4pxj__B1_Q9UPT6--4pxj__A1_Q9UPT6,4pxj,cluster_15665_15666,cluster_15665,cluster_15666,Q9UPT6,Q9UPT6,group1,3,rerank_rescuable,4
2024-02,Training500,5h1p__A1_D2UG58--5h1p__B1_D2UG58,5h1p,cluster_2899_2899,cluster_2899,cluster_2899,D2UG58,D2UG58,group3,3,rerank_rescuable,0
2024-02,Training500,4puh__A1_Q9FIC3--4puh__B1_Q9FIC3,4puh,cluster_11399_11399,cluster_11399,cluster_11399,Q9FIC3,Q9FIC3,group3,3,rerank_rescuable,2
2024-02,Training500,2c08__A1_O35179--2c08__A2_O35179,2c08,cluster_7172_7172,cluster_7172,cluster_7172,O35179,O35179,group3,3,rerank_rescuable,3
2024-02,Training500,4emo__D1_Q9H0F6--4emo__A1_Q9H0F6,4emo,cluster_25088_25088,cluster_25088,cluster_25088,Q9H0F6,Q9H0F6,group3,3,rerank_rescuable,1
2024-02,Training500,4ayn__A1_C6KHT4--4ayn__B1_C6KHT4,4ayn,cluster_3949_3949,cluster_3949,cluster_3949,C6KHT4,C6KHT4,group3,3,rerank_rescuable,4
2024-02,Training500,2x5f__A1_UNDEFINED--2x5f__B1_UNDEFINED,2x5f,cluster_32608_32608,cluster_32608,cluster_32608,UNDEFINED,UNDEFINED,group3,3,rerank_rescuable,0
2024-02,Training500,1tj7__A1_P11447--1tj7__B1_P11447,1tj7,cluster_10129_10129,cluster_10129,cluster_10129,P11447,P11447,group2,3,rerank_rescuable,2
2024-02,Training500,6jtz__A1_P46063--6jtz__B1_P46063,6jtz,cluster_7908_7908,cluster_7908,cluster_7908,P46063,P46063,group3,3,rerank_rescuable,3
2024-02,Training500,2w2d__A1_P0DPI1--2w2d__B1_P0DPI1,2w2d,cluster_1202_3751,cluster_3751,cluster_1202,P0DPI1,P0DPI1,group3,3,rerank_rescuable,1
2024-02,Training500,3lf6__B1_UNDEFINED--3lf6__A1_UNDEFINED,3lf6,cluster_8463_8463,cluster_8463,cluster_8463,UNDEFINED,UNDEFINED,group1,3,rerank_rescuable,4
2024-02,Training500,4fup__A1_Q5HKE8--4fup__A2_Q5HKE8,4fup,cluster_4922_4922,cluster_4922,cluster_4922,Q5HKE8,Q5HKE8,group3,3,rerank_rescuable,0
2024-02,Training500,4ghw__A1_O59952--4ghw__B1_O59952,4ghw,cluster_2488_2488,cluster_2488,cluster_2488,O59952,O59952,group3,3,rerank_rescuable,2
2024-02,Training500,3sy3__A1_A0A6L8P3N5--3sy3__B1_A0A6L8P3N5,3sy3,cluster_26087_26087,cluster_26087,cluster_26087,A0A6L8P3N5,A0A6L8P3N5,group2,3,rerank_rescuable,3
2024-02,Training500,3h8i__A1_Q7ZAG8--3h8i__B1_Q7ZAG8,3h8i,cluster_21260_21260,cluster_21260,cluster_21260,Q7ZAG8,Q7ZAG8,group2,3,rerank_rescuable,1
2024-02,Training500,1bl4__A1_P62942--1bl4__B1_P62942,1bl4,cluster_1772_1772,cluster_1772,cluster_1772,P62942,P62942,group3,3,rerank_rescuable,4
2024-02,Training500,4jnh__B1_P14349--4jnh__A1_P14349,4jnh,cluster_21357_21357,cluster_21357,cluster_21357,P14349,P14349,group1,3,rerank_rescuable,0
2024-02,Training500,2huk__A1_P00720--2huk__A2_P00720,2huk,cluster_10426_10426,cluster_10426,cluster_10426,P00720,P00720,group2,3,rerank_rescuable,2
2024-02,Training500,5wee__A1_A0A183GMB4--5wee__B1_A0A183GMB4,5wee,cluster_10317_10317,cluster_10317,cluster_10317,A0A183GMB4,A0A183GMB4,group3,3,rerank_rescuable,3
2024-02,Training500,6r2f__A1_Q9BXU0--6r2f__B1_Q9BXU0,6r2f,cluster_3464_3464,cluster_3464,cluster_3464,Q9BXU0,Q9BXU0,group2,3,rerank_rescuable,1
2024-02,Training500,5k7b__B1_A8MW95--5k7b__A1_A8MW95,5k7b,cluster_22793_22794,cluster_22793,cluster_22794,A8MW95,A8MW95,group3,3,rerank_rescuable,4
2024-02,Training500,2a3l__A1_O80452--2a3l__A2_O80452,2a3l,cluster_26625_26625,cluster_26625,cluster_26625,O80452,O80452,group2,3,rerank_rescuable,0
2024-02,Training500,3a7m__B1_P0A1N2--3a7m__A1_P0A1N2,3a7m,cluster_12898_12898,cluster_12898,cluster_12898,P0A1N2,P0A1N2,group3,3,rerank_rescuable,2
2024-02,Training500,2xf1__A1_Q8I467--2xf1__A2_Q8I467,2xf1,cluster_20841_20841,cluster_20841,cluster_20841,Q8I467,Q8I467,group1,3,rerank_rescuable,3
2024-02,Training500,3n7e__A1_Q58AD3--3n7e__B1_Q58AD3,3n7e,cluster_13349_13349,cluster_13349,cluster_13349,Q58AD3,Q58AD3,group2,3,rerank_rescuable,1
2024-02,Training500,6kos__A1_UNDEFINED--6kos__B1_UNDEFINED,6kos,cluster_17359_17359,cluster_17359,cluster_17359,UNDEFINED,UNDEFINED,group2,3,rerank_rescuable,4
2024-02,Training500,5e4b__A1_A0A1C9V3S9--5e4b__B1_A0A1C9V3S9,5e4b,cluster_19820_19820,cluster_19820,cluster_19820,A0A1C9V3S9,A0A1C9V3S9,group3,3,rerank_rescuable,0
2024-02,Training500,3f2u__A1_P83916--3f2u__A2_P83916,3f2u,cluster_2836_2836,cluster_2836,cluster_2836,P83916,P83916,group3,3,rerank_rescuable,2
2024-02,Training500,6kwz__A1_Q94707--6kwz__B2_Q94707,6kwz,cluster_14908_14908,cluster_14908,cluster_14908,Q94707,Q94707,group3,3,rerank_rescuable,3
2024-02,Training500,6xb4__A1_V9XTR0--6xb4__B1_V9XTR0,6xb4,cluster_37559_37559,cluster_37559,cluster_37559,V9XTR0,V9XTR0,group3,3,rerank_rescuable,1
2024-02,Training500,3ctv__A1_O28011--3ctv__A2_O28011,3ctv,cluster_941_941,cluster_941,cluster_941,O28011,O28011,group3,3,rerank_rescuable,4
2024-02,Training500,1smx__A1_P21513--1smx__B1_P21513,1smx,cluster_20921_20921,cluster_20921,cluster_20921,P21513,P21513,group2,3,rerank_rescuable,0
2024-02,Training500,6ejv__A1_Q65J43--6ejv__B1_Q65J43,6ejv,cluster_16316_16316,cluster_16316,cluster_16316,Q65J43,Q65J43,group1,3,rerank_rescuable,2
2024-02,Training500,4r5k__B1_P0A6Y8--4r5k__A1_P0A6Y8,4r5k,cluster_8948_8948,cluster_8948,cluster_8948,P0A6Y8,P0A6Y8,group1,3,rerank_rescuable,3
2024-02,Training500,4qhj__A1_Q58610--4qhj__B1_Q58610,4qhj,cluster_12571_12571,cluster_12571,cluster_12571,Q58610,Q58610,group2,3,rerank_rescuable,1
2024-02,Training500,4aj7__A1_B1PWB9--4aj7__B1_B1PWB9,4aj7,cluster_621_621,cluster_621,cluster_621,B1PWB9,B1PWB9,group3,3,rerank_rescuable,4
2024-02,Training500,7e2m__A1_Q9P2K8--7e2m__B1_Q9P2K8,7e2m,cluster_12935_12935,cluster_12935,cluster_12935,Q9P2K8,Q9P2K8,group1,3,rerank_rescuable,0
2024-02,Training500,2yx8__A1_O60894--2yx8__A2_O60894,2yx8,cluster_12555_12555,cluster_12555,cluster_12555,O60894,O60894,group3,3,rerank_rescuable,2
2024-02,Training500,3d0t__D1_Q91YN9--3d0t__C1_Q91YN9,3d0t,cluster_2962_2962,cluster_2962,cluster_2962,Q91YN9,Q91YN9,group1,3,rerank_rescuable,3
2024-02,Training500,3zyl__A1_O55012--3zyl__B1_O55012,3zyl,cluster_678_678,cluster_678,cluster_678,O55012,O55012,group3,3,rerank_rescuable,1
2024-02,Training500,4fmm__B1_P53860--4fmm__A1_P53860,4fmm,cluster_7295_7295,cluster_7295,cluster_7295,P53860,P53860,group2,3,rerank_rescuable,4
2024-02,Training500,2r1f__A1_P28306--2r1f__B1_P28306,2r1f,cluster_29114_29114,cluster_29114,cluster_29114,P28306,P28306,group3,3,rerank_rescuable,0
2024-02,Training500,6ubo__A1_P0A901--6ubo__B1_P0A901,6ubo,cluster_5260_5260,cluster_5260,cluster_5260,P0A901,P0A901,group1,3,rerank_rescuable,2
2024-02,Training500,5ltu__B1_Q9NZJ9--5ltu__A1_Q9NZJ9,5ltu,cluster_35233_35233,cluster_35233,cluster_35233,Q9NZJ9,Q9NZJ9,group3,3,rerank_rescuable,3
2024-02,Training500,5evk__A1_P52700--5evk__A2_P52700,5evk,cluster_4140_4140,cluster_4140,cluster_4140,P52700,P52700,group3,3,rerank_rescuable,1
2024-02,Training500,3b42__B1_Q74EM7--3b42__A1_Q74EM7,3b42,cluster_29268_29268,cluster_29268,cluster_29268,Q74EM7,Q74EM7,group1,3,rerank_rescuable,4
2024-02,Training500,6eho__A1_Q99523--6eho__A2_Q99523,6eho,cluster_15714_15714,cluster_15714,cluster_15714,Q99523,Q99523,group3,3,rerank_rescuable,0
2024-02,Training500,4u3q__B1_P29722--4u3q__A1_P29722,4u3q,cluster_10856_10856,cluster_10856,cluster_10856,P29722,P29722,group2,3,rerank_rescuable,2
2024-02,Training500,3v69__A1_Q9CWU5--3v69__B1_Q9CWU5,3v69,cluster_15017_15017,cluster_15017,cluster_15017,Q9CWU5,Q9CWU5,group1,3,rerank_rescuable,3
2024-02,Training500,2gd9__A1_P37508--2gd9__B1_P37508,2gd9,cluster_26569_26569,cluster_26569,cluster_26569,P37508,P37508,group2,3,rerank_rescuable,1
2024-02,Training500,6aqe__B1_Q9RY20--6aqe__A1_Q9RY20,6aqe,cluster_6716_6716,cluster_6716,cluster_6716,Q9RY20,Q9RY20,group2,3,rerank_rescuable,4
2024-02,Training500,4o4o__A1_Q8YLF9--4o4o__B1_Q8YLF9,4o4o,cluster_6827_6827,cluster_6827,cluster_6827,Q8YLF9,Q8YLF9,group3,3,rerank_rescuable,0
2024-02,Training500,2gsk__A1_P06129--2gsk__B1_P02929,2gsk,cluster_7863_8897,cluster_7863,cluster_8897,P06129,P02929,group1,4,ordinary_sampling_failure,3
2024-02,Training500,4u0q__A1_B2L3N7--4u0q__B1_P35613,4u0q,cluster_1479_8901,cluster_1479,cluster_8901,B2L3N7,P35613,group3,4,ordinary_sampling_failure,2
2024-02,Training500,1f8u__A1_P22303--1f8u__B1_P0C1Z0,1f8u,cluster_1356_961,cluster_961,cluster_1356,P22303,P0C1Z0,group2,4,ordinary_sampling_failure,4
2024-02,Training500,5xec__B1_P15452--5xec__A1_P00099,5xec,cluster_7420_7420,cluster_7420,cluster_7420,P15452,P00099,group1,4,ordinary_sampling_failure,1
2024-02,Training500,3mca__A1_O74774--3mca__B1_Q9USL5,3mca,cluster_841_8517,cluster_841,cluster_8517,O74774,Q9USL5,group2,4,ordinary_sampling_failure,0
2024-02,Training500,5doi__A1_D2CVN7--5doi__E1_Q6JXI5,5doi,cluster_23702_23703,cluster_23702,cluster_23703,D2CVN7,Q6JXI5,group1,4,ordinary_sampling_failure,3
2024-02,Training500,6ob5__A1_P0AEX9--6ob5__D1_UNDEFINED,6ob5,cluster_409_583,cluster_409,cluster_583,P0AEX9,UNDEFINED,group3,4,ordinary_sampling_failure,2
2024-02,Training500,1t6b__A1_P13423--1t6b__B1_P58335,1t6b,cluster_10723_2759,cluster_2759,cluster_10723,P13423,P58335,group2,4,ordinary_sampling_failure,4
2024-02,Training500,1hni__A1_P03366--1hni__B1_P03367,1hni,cluster_23_23,cluster_23,cluster_23,P03366,P03367,group3,4,ordinary_sampling_failure,1
2024-02,Training500,3wry__C1_P03587--3wry__A1_A7M6E7,3wry,cluster_11887_11889,cluster_11889,cluster_11887,P03587,A7M6E7,group3,4,ordinary_sampling_failure,0
2024-02,Training500,6k3b__A1_Q5ZTL4--6k3b__B1_Q5ZTL2,6k3b,cluster_10515_1409,cluster_1409,cluster_10515,Q5ZTL4,Q5ZTL2,group1,4,ordinary_sampling_failure,3
2024-02,Training500,5b2g__A1_O14493--5b2g__B1_P01558,5b2g,cluster_3768_3769,cluster_3769,cluster_3768,O14493,P01558,group1,4,ordinary_sampling_failure,2
2024-02,Training500,6jh0__D1_UNDEFINED--6jh0__A1_P03502,6jh0,cluster_415_5054,cluster_415,cluster_5054,UNDEFINED,P03502,group3,4,ordinary_sampling_failure,4
2024-02,Training500,4luq__A1_Q9HYC5--4luq__C1_Q9HYC4,4luq,cluster_8139_8140,cluster_8139,cluster_8140,Q9HYC5,Q9HYC4,feasibility50,4,ordinary_sampling_failure,1
2024-02,Training500,4dri__A1_Q13451--4dri__B1_P42345,4dri,cluster_15457_1772,cluster_1772,cluster_15457,Q13451,P42345,group3,4,ordinary_sampling_failure,0
2024-02,Training500,4yxc__A1_P00720--4yxc__B1_P26419,4yxc,cluster_10426_2425,cluster_10426,cluster_2425,P00720,P26419,feasibility50,4,ordinary_sampling_failure,3
2024-02,Training500,5uzu__B1_P05164--5uzu__A1_Q2G0X2,5uzu,cluster_2033_2140,cluster_2033,cluster_2140,P05164,Q2G0X2,group1,4,ordinary_sampling_failure,2
2024-02,Training500,3u73__A1_Q03405--3u73__B1_P00749,3u73,cluster_11321_3018,cluster_11321,cluster_3018,Q03405,P00749,feasibility50,4,ordinary_sampling_failure,4
2024-02,Training500,7pq0__B1_P60842--7pq0__A1_Q63UP7,7pq0,cluster_19221_949,cluster_949,cluster_19221,P60842,Q63UP7,group3,4,ordinary_sampling_failure,1
2024-02,Training500,6u7f__A1_P15144--6u7f__C1_Q1HVL3,6u7f,cluster_2860_7049,cluster_2860,cluster_7049,P15144,Q1HVL3,group2,4,ordinary_sampling_failure,0
2024-02,Training500,6s9j__A1_Q8AZ57--6s9j__B1_A0A060BIS8,6s9j,cluster_16268_2934,cluster_16268,cluster_2934,Q8AZ57,A0A060BIS8,group3,4,ordinary_sampling_failure,3
2024-02,Training500,6apx__A1_P0AEX9--6apx__B1_UNDEFINED,6apx,cluster_1605_409,cluster_409,cluster_1605,P0AEX9,UNDEFINED,group2,4,ordinary_sampling_failure,2
2024-02,Training500,2qpv__A1_Q7CZ16--2qpv__B1_Q7CZ16,2qpv,cluster_10880_10880,cluster_10880,cluster_10880,Q7CZ16,Q7CZ16,group3,4,ordinary_sampling_failure,0
2024-02,Training500,4muc__B1_Q03591--4muc__A1_Q03591,4muc,cluster_175_175,cluster_175,cluster_175,Q03591,Q03591,group1,4,ordinary_sampling_failure,4
2024-02,Training500,1k72__B1_P37700--1k72__A1_P37700,1k72,cluster_17864_17864,cluster_17864,cluster_17864,P37700,P37700,group2,4,ordinary_sampling_failure,1
2024-02,Training500,3hkl__B1_Q62838--3hkl__A1_Q62838,3hkl,cluster_15360_15360,cluster_15360,cluster_15360,Q62838,Q62838,group3,4,ordinary_sampling_failure,3
2024-02,Training500,7a5c__A1_Q9KR64--7a5c__B1_Q9KR64,7a5c,cluster_6414_6414,cluster_6414,cluster_6414,Q9KR64,Q9KR64,group3,4,ordinary_sampling_failure,2
2024-02,Training500,2uxe__A1_Q49PX0--2uxe__C1_Q49PX0,2uxe,cluster_6767_6767,cluster_6767,cluster_6767,Q49PX0,Q49PX0,group2,4,ordinary_sampling_failure,0
2024-02,Training500,2j6g__A1_Q6T3W5--2j6g__A2_Q6T3W5,2j6g,cluster_10309_10309,cluster_10309,cluster_10309,Q6T3W5,Q6T3W5,group3,4,ordinary_sampling_failure,4
2024-02,Training500,4o6i__B1_P09992--4o6i__A1_P09992,4o6i,cluster_4529_4529,cluster_4529,cluster_4529,P09992,P09992,group3,4,ordinary_sampling_failure,1
2024-02,Training500,3nk4__A1_P79762--3nk4__B1_P79762,3nk4,cluster_19280_19280,cluster_19280,cluster_19280,P79762,P79762,group2,4,ordinary_sampling_failure,3
2024-02,Training500,4n6j__A1_Q13033--4n6j__B1_Q13033,4n6j,cluster_27221_27222,cluster_27221,cluster_27222,Q13033,Q13033,group2,4,ordinary_sampling_failure,2
2024-02,Training500,1pfo__A1_P0C2E9--1pfo__A2_P0C2E9,1pfo,cluster_2850_2850,cluster_2850,cluster_2850,P0C2E9,P0C2E9,group3,4,ordinary_sampling_failure,0
2024-02,Training500,1yt5__A1_Q9X255--1yt5__D1_Q9X255,1yt5,cluster_445_445,cluster_445,cluster_445,Q9X255,Q9X255,group2,4,ordinary_sampling_failure,4
2024-02,Training500,1qb3__B1_P20486--1qb3__A1_P20486,1qb3,cluster_3208_3208,cluster_3208,cluster_3208,P20486,P20486,group1,4,ordinary_sampling_failure,1
2024-02,Training500,4oak__A1_Q9JN36--4oak__B1_Q9JN36,4oak,cluster_1454_1454,cluster_1454,cluster_1454,Q9JN36,Q9JN36,group2,4,ordinary_sampling_failure,3
2024-02,Training500,1fd3__A1_O15263--1fd3__C1_O15263,1fd3,cluster_6709_6709,cluster_6709,cluster_6709,O15263,O15263,group2,4,ordinary_sampling_failure,2
2024-02,Training500,3ct4__A1_Q9CIV8--3ct4__A2_Q9CIV8,3ct4,cluster_3917_3917,cluster_3917,cluster_3917,Q9CIV8,Q9CIV8,group2,4,ordinary_sampling_failure,0
2024-02,Training500,6ra9__B1_Q71V39--6ra9__A1_Q71V39,6ra9,cluster_841_841,cluster_841,cluster_841,Q71V39,Q71V39,group2,4,ordinary_sampling_failure,4
2024-02,Training500,1s4k__A1_Q8ZPR1--1s4k__B1_Q8ZPR1,1s4k,cluster_14320_14320,cluster_14320,cluster_14320,Q8ZPR1,Q8ZPR1,group3,4,ordinary_sampling_failure,1
2024-02,Training500,5d7q__A1_Q8IXJ6--5d7q__B1_Q8IXJ6,5d7q,cluster_427_427,cluster_427,cluster_427,Q8IXJ6,Q8IXJ6,group3,4,ordinary_sampling_failure,3
2024-02,Training500,3ezu__A1_Q74FR4--3ezu__A2_Q74FR4,3ezu,cluster_14369_14369,cluster_14369,cluster_14369,Q74FR4,Q74FR4,group2,4,ordinary_sampling_failure,2
2024-02,Training500,4r6i__A1_Q44636--4r6i__B1_Q44636,4r6i,cluster_29912_29912,cluster_29912,cluster_29912,Q44636,Q44636,group1,4,ordinary_sampling_failure,0
2024-02,Training500,6pyk__A1_P16466--6pyk__A2_P16466,6pyk,cluster_8769_8769,cluster_8769,cluster_8769,P16466,P16466,group3,4,ordinary_sampling_failure,4
2024-02,Training500,7v3k__A1_A3TMR7--7v3k__D1_A3TMR7,7v3k,cluster_32707_32707,cluster_32707,cluster_32707,A3TMR7,A3TMR7,group2,4,ordinary_sampling_failure,1
2024-02,Training500,1gri__A1_P62993--1gri__B1_P62993,1gri,cluster_12642_12642,cluster_12642,cluster_12642,P62993,P62993,group3,4,ordinary_sampling_failure,3
2024-02,Training500,7f7j__B1_A0A5J6VLZ7--7f7j__A2_A0A5J6VLZ7,7f7j,cluster_3581_3581,cluster_3581,cluster_3581,A0A5J6VLZ7,A0A5J6VLZ7,group3,4,ordinary_sampling_failure,2
2024-02,Training500,6koi__B1_Q9Y5W9--6koi__A1_Q9Y5W9,6koi,cluster_4555_4555,cluster_4555,cluster_4555,Q9Y5W9,Q9Y5W9,group2,4,ordinary_sampling_failure,0
2024-02,Training500,6e8a__A1_Q7CPJ3--6e8a__A2_Q7CPJ3,6e8a,cluster_33779_33779,cluster_33779,cluster_33779,Q7CPJ3,Q7CPJ3,group1,4,ordinary_sampling_failure,4
2024-02,Training500,3ffm__A1_O95257--3ffm__A2_O95257,3ffm,cluster_2251_2251,cluster_2251,cluster_2251,O95257,O95257,group1,4,ordinary_sampling_failure,1
2024-02,Training500,5b1q__A1_Q9WT50--5b1q__B1_Q9WT50,5b1q,cluster_12121_12121,cluster_12121,cluster_12121,Q9WT50,Q9WT50,group2,4,ordinary_sampling_failure,3
2024-02,Training500,2h46__A1_P62993--2h46__A2_P62993,2h46,cluster_1465_1465,cluster_1465,cluster_1465,P62993,P62993,group2,4,ordinary_sampling_failure,2
2024-02,Training500,6sqj__A1_Q04245--6sqj__B1_Q04245,6sqj,cluster_17914_17914,cluster_17914,cluster_17914,Q04245,Q04245,group1,4,ordinary_sampling_failure,0
2024-02,Training500,2oo9__A1_P22681--2oo9__B1_P22681,2oo9,cluster_23665_23665,cluster_23665,cluster_23665,P22681,P22681,group3,4,ordinary_sampling_failure,4
2024-02,Training500,4o96__A1_Q8XAL6--4o96__B1_Q8XAL6,4o96,cluster_26783_26783,cluster_26783,cluster_26783,Q8XAL6,Q8XAL6,group2,4,ordinary_sampling_failure,1
2024-02,Training500,2wuz__A1_Q7Z1V1--2wuz__B1_Q7Z1V1,2wuz,cluster_3114_3114,cluster_3114,cluster_3114,Q7Z1V1,Q7Z1V1,group1,4,ordinary_sampling_failure,3
2024-02,Training500,3o47__A1_P84077--3o47__A2_P84077,3o47,cluster_6852_6852,cluster_6852,cluster_6852,P84077,P84077,group1,4,ordinary_sampling_failure,2
2024-02,Training500,6ust__A1_A0A174CV66--6ust__D2_A0A174CV66,6ust,cluster_506_506,cluster_506,cluster_506,A0A174CV66,A0A174CV66,group3,4,ordinary_sampling_failure,0
2024-02,Training500,4a1f__A1_O25916--4a1f__B1_O25916,4a1f,cluster_2604_2604,cluster_2604,cluster_2604,O25916,O25916,group1,4,ordinary_sampling_failure,4
2024-02,Training500,1boy__A1_P13726--1boy__A2_P13726,1boy,cluster_2666_2666,cluster_2666,cluster_2666,P13726,P13726,group2,4,ordinary_sampling_failure,1
2024-02,Training500,2xuv__B1_P0AET2--2xuv__A1_P0AET2,2xuv,cluster_13957_13957,cluster_13957,cluster_13957,P0AET2,P0AET2,group1,4,ordinary_sampling_failure,3
2024-02,Training500,6k7c__A1_D4ZE39--6k7c__B1_D4ZE39,6k7c,cluster_12811_12811,cluster_12811,cluster_12811,D4ZE39,D4ZE39,group3,4,ordinary_sampling_failure,2
2024-02,Training500,7e5m__A1_P09758--7e5m__B2_P09758,7e5m,cluster_5056_5056,cluster_5056,cluster_5056,P09758,P09758,group2,4,ordinary_sampling_failure,0
2024-02,Training500,2h1e__A1_P32657--2h1e__B1_P32657,2h1e,cluster_2892_2892,cluster_2892,cluster_2892,P32657,P32657,group2,4,ordinary_sampling_failure,4
2024-02,Training500,5gko__A1_A0A0D8G707--5gko__B1_A0A0D8G707,5gko,cluster_5250_5250,cluster_5250,cluster_5250,A0A0D8G707,A0A0D8G707,group2,4,ordinary_sampling_failure,1
2024-02,Training500,2gbo__A1_Q831P3--2gbo__B1_Q831P3,2gbo,cluster_16443_16443,cluster_16443,cluster_16443,Q831P3,Q831P3,group2,4,ordinary_sampling_failure,3
2024-02,Training500,6tp8__A1_P41365--6tp8__B1_P41365,6tp8,cluster_3081_3081,cluster_3081,cluster_3081,P41365,P41365,group3,4,ordinary_sampling_failure,2
2024-02,Training500,6nf3__B2_P02654--6nf3__A1_P02654,6nf3,cluster_14047_14048,cluster_14047,cluster_14048,P02654,P02654,group1,4,ordinary_sampling_failure,0
2024-02,Training500,5hpg__A1_P00747--5hpg__B1_P00747,5hpg,cluster_2055_2055,cluster_2055,cluster_2055,P00747,P00747,group1,4,ordinary_sampling_failure,4
2024-02,Training500,2wk4__B1_Q69014--2wk4__A1_Q69014,2wk4,cluster_4097_4097,cluster_4097,cluster_4097,Q69014,Q69014,group3,4,ordinary_sampling_failure,1
2024-02,Training500,6ra0__A1_Q9XUJ7--6ra0__A2_Q9XUJ7,6ra0,cluster_23538_23538,cluster_23538,cluster_23538,Q9XUJ7,Q9XUJ7,group1,4,ordinary_sampling_failure,3
2024-02,Training500,3i26__A1_P0C0V9--3i26__B1_P0C0V9,3i26,cluster_12470_12470,cluster_12470,cluster_12470,P0C0V9,P0C0V9,group2,4,ordinary_sampling_failure,2
2024-02,Training500,4hj1__A1_P03518--4hj1__B1_P03518,4hj1,cluster_18310_18310,cluster_18310,cluster_18310,P03518,P03518,group2,4,ordinary_sampling_failure,0
2024-02,Training500,3njc__A1_P42955--3njc__B1_P42955,3njc,cluster_32953_32953,cluster_32953,cluster_32953,P42955,P42955,group2,4,ordinary_sampling_failure,4
2024-02,Training500,7oxl__A1_Q9NWM0--7oxl__A2_Q9NWM0,7oxl,cluster_8295_8295,cluster_8295,cluster_8295,Q9NWM0,Q9NWM0,group2,4,ordinary_sampling_failure,1
2024-02,Training500,6xj5__A1_P06621--6xj5__B1_P06621,6xj5,cluster_5013_5013,cluster_5013,cluster_5013,P06621,P06621,group2,4,ordinary_sampling_failure,3
2024-02,Training500,2j68__A1_B2IZD3--2j68__A2_B2IZD3,2j68,cluster_17155_17155,cluster_17155,cluster_17155,B2IZD3,B2IZD3,group3,4,ordinary_sampling_failure,2
2024-02,Training500,6jzf__A1_Q8VY16--6jzf__B1_Q8VY16,6jzf,cluster_11704_11704,cluster_11704,cluster_11704,Q8VY16,Q8VY16,group2,4,ordinary_sampling_failure,0
2024-02,Training500,2fzt__B1_Q9WZF7--2fzt__A1_Q9WZF7,2fzt,cluster_18012_18012,cluster_18012,cluster_18012,Q9WZF7,Q9WZF7,group1,4,ordinary_sampling_failure,4
2024-02,Training500,4kk1__A1_Q09778--4kk1__B1_Q09778,4kk1,cluster_25066_25066,cluster_25066,cluster_25066,Q09778,Q09778,group2,4,ordinary_sampling_failure,1
2024-02,Training500,4zb3__A1_Q9SU14--4zb3__A2_Q9SU14,4zb3,cluster_21516_21516,cluster_21516,cluster_21516,Q9SU14,Q9SU14,group1,4,ordinary_sampling_failure,3
2024-02,Training500,2xr7__A1_Q589Y0--2xr7__A2_Q589Y0,2xr7,cluster_18218_18218,cluster_18218,cluster_18218,Q589Y0,Q589Y0,group1,4,ordinary_sampling_failure,2
2024-02,Training500,4n1j__B1_Q86W24--4n1j__A1_Q86W24,4n1j,cluster_19179_774,cluster_774,cluster_19179,Q86W24,Q86W24,group3,4,ordinary_sampling_failure,0
2024-02,Training500,3ua3__A1_P46580--3ua3__B1_P46580,3ua3,cluster_4512_4512,cluster_4512,cluster_4512,P46580,P46580,group2,4,ordinary_sampling_failure,4
2024-02,Training500,3dsl__A1_O93523--3dsl__B1_O93523,3dsl,cluster_4648_4648,cluster_4648,cluster_4648,O93523,O93523,group2,4,ordinary_sampling_failure,1
2024-02,Training500,1rk4__A1_O00299--1rk4__B1_O00299,1rk4,cluster_5586_5586,cluster_5586,cluster_5586,O00299,O00299,group3,4,ordinary_sampling_failure,3
2024-02,Training500,1ny5__B1_O67198--1ny5__A1_O67198,1ny5,cluster_6649_6649,cluster_6649,cluster_6649,O67198,O67198,group3,4,ordinary_sampling_failure,2
2024-02,Training500,4l4x__A1_Q93NX9--4l4x__A2_Q93NX9,4l4x,cluster_18672_18672,cluster_18672,cluster_18672,Q93NX9,Q93NX9,group2,4,ordinary_sampling_failure,0
2024-02,Training500,6qpk__B1_A0A2H1G421--6qpk__A1_A0A2H1G421,6qpk,cluster_10859_10859,cluster_10859,cluster_10859,A0A2H1G421,A0A2H1G421,group3,4,ordinary_sampling_failure,4
2024-02,Training500,1zop__A1_P20701--1zop__B1_P20701,1zop,cluster_1701_1701,cluster_1701,cluster_1701,P20701,P20701,group1,4,ordinary_sampling_failure,1
2024-02,Training500,4lrq__C1_A0A0H3ALA8--4lrq__A1_A0A0H3ALA8,4lrq,cluster_2754_2754,cluster_2754,cluster_2754,A0A0H3ALA8,A0A0H3ALA8,group2,4,ordinary_sampling_failure,3
2024-02,Training500,2r7a__A1_O70018--2r7a__C1_O70018,2r7a,cluster_9856_9856,cluster_9856,cluster_9856,O70018,O70018,group3,4,ordinary_sampling_failure,2
2024-02,Training500,6dkk__B1_P0DPI0--6dkk__A1_P0DPI0,6dkk,cluster_16905_16905,cluster_16905,cluster_16905,P0DPI0,P0DPI0,group3,4,ordinary_sampling_failure,0
2024-02,Training500,4oyu__B1_Q99PV3--4oyu__A1_Q99PV3,4oyu,cluster_17347_17347,cluster_17347,cluster_17347,Q99PV3,Q99PV3,group2,4,ordinary_sampling_failure,4
2024-02,Training500,1e5s__A1_O09345--1e5s__B2_O09345,1e5s,cluster_5052_5052,cluster_5052,cluster_5052,O09345,O09345,group2,4,ordinary_sampling_failure,1
2024-02,Training500,7k5n__A1_A0A3S5WQC2--7k5n__A2_A0A3S5WQC2,7k5n,cluster_17249_17249,cluster_17249,cluster_17249,A0A3S5WQC2,A0A3S5WQC2,group1,4,ordinary_sampling_failure,3
2024-02,Training500,4ndj__A1_U6GSR1--4ndj__A2_U6GSR1,4ndj,cluster_10044_10044,cluster_10044,cluster_10044,U6GSR1,U6GSR1,group3,4,ordinary_sampling_failure,2
2024-02,Training500,2z1b__A1_P10518--2z1b__A2_P10518,2z1b,cluster_4190_4190,cluster_4190,cluster_4190,P10518,P10518,group2,4,ordinary_sampling_failure,0
2024-02,Training500,1gmg__A1_P03051--1gmg__A2_P03051,1gmg,cluster_2555_2555,cluster_2555,cluster_2555,P03051,P03051,group3,4,ordinary_sampling_failure,4
2024-02,Training500,2yor__A1_B9W4V6--2yor__B1_B9W4V6,2yor,cluster_3997_3997,cluster_3997,cluster_3997,B9W4V6,B9W4V6,group2,4,ordinary_sampling_failure,1
2024-02,Training500,4wpd__A1_Q55080--4wpd__B1_Q55080,4wpd,cluster_10086_10086,cluster_10086,cluster_10086,Q55080,Q55080,group1,4,ordinary_sampling_failure,3
2024-02,Training500,4z86__A1_Q9KQ21--4z86__B1_Q9KQ21,4z86,cluster_7432_7432,cluster_7432,cluster_7432,Q9KQ21,Q9KQ21,group2,4,ordinary_sampling_failure,2
2024-02,Training500,6ki2__A1_Q55415--6ki2__B1_Q55415,6ki2,cluster_12993_12993,cluster_12993,cluster_12993,Q55415,Q55415,group3,4,ordinary_sampling_failure,0
2024-02,Training500,6iub__A1_O25759--6iub__B1_O25759,6iub,cluster_12790_12790,cluster_12790,cluster_12790,O25759,O25759,group2,4,ordinary_sampling_failure,4
2024-02,Training500,7o8c__A1_A7LY27--7o8c__B1_A7LY27,7o8c,cluster_12799_12799,cluster_12799,cluster_12799,A7LY27,A7LY27,group1,4,ordinary_sampling_failure,1
2024-02,Training500,7aex__A1_P52129--7aex__A2_P52129,7aex,cluster_5478_5478,cluster_5478,cluster_5478,P52129,P52129,group3,4,ordinary_sampling_failure,3
2024-02,Training500,4e6w__B1_A0A0H2V8D3--4e6w__A1_A0A0H2V8D3,4e6w,cluster_4424_4424,cluster_4424,cluster_4424,A0A0H2V8D3,A0A0H2V8D3,group1,4,ordinary_sampling_failure,2
2024-02,Training500,4cbv__D1_Q79CK7--4cbv__C1_Q79CK7,4cbv,cluster_22436_22436,cluster_22436,cluster_22436,Q79CK7,Q79CK7,group1,4,ordinary_sampling_failure,0
2024-02,Training500,4l9i__A1_P28327--4l9i__B1_P28327,4l9i,cluster_22077_22077,cluster_22077,cluster_22077,P28327,P28327,group2,4,ordinary_sampling_failure,4
2024-02,Training500,5d8e__A1_Q9BQ15--5d8e__D1_Q9BQ15,5d8e,cluster_16488_16488,cluster_16488,cluster_16488,Q9BQ15,Q9BQ15,group2,4,ordinary_sampling_failure,1
2024-02,Training500,3cwf__A1_P23545--3cwf__B1_P23545,3cwf,cluster_37619_37619,cluster_37619,cluster_37619,P23545,P23545,group3,4,ordinary_sampling_failure,3
2024-02,Training500,6em0__A1_O06647--6em0__A2_O06647,6em0,cluster_8922_8922,cluster_8922,cluster_8922,O06647,O06647,group2,4,ordinary_sampling_failure,2
2024-02,Training500,3jsb__A1_P14240--3jsb__A2_P14240,3jsb,cluster_13989_13989,cluster_13989,cluster_13989,P14240,P14240,group1,4,ordinary_sampling_failure,0
2024-02,Training500,2p09__A1_UNDEFINED--2p09__A2_UNDEFINED,2p09,cluster_18478_18478,cluster_18478,cluster_18478,UNDEFINED,UNDEFINED,group1,4,ordinary_sampling_failure,4
2024-02,Training500,7mku__A1_Q8VYI3--7mku__B1_Q8VYI3,7mku,cluster_5434_5434,cluster_5434,cluster_5434,Q8VYI3,Q8VYI3,group2,4,ordinary_sampling_failure,1
2024-02,Training500,6pqn__A1_B0F0C5--6pqn__B1_B0F0C5,6pqn,cluster_19217_19217,cluster_19217,cluster_19217,B0F0C5,B0F0C5,group3,4,ordinary_sampling_failure,3
2024-02,Training500,4qc9__A1_P04303--4qc9__D1_P04303,4qc9,cluster_7852_7852,cluster_7852,cluster_7852,P04303,P04303,group3,4,ordinary_sampling_failure,2
2024-02,Training500,3m7p__A1_P02751--3m7p__A2_P02751,3m7p,cluster_37315_37315,cluster_37315,cluster_37315,P02751,P02751,group1,4,ordinary_sampling_failure,0
2024-02,Training500,7fds__B1_P9WK61--7fds__A1_P9WK61,7fds,cluster_24806_24806,cluster_24806,cluster_24806,P9WK61,P9WK61,group2,4,ordinary_sampling_failure,4
2024-02,Training500,3co5__A1_Q5F5Q1--3co5__B1_Q5F5Q1,3co5,cluster_33235_33235,cluster_33235,cluster_33235,Q5F5Q1,Q5F5Q1,group3,4,ordinary_sampling_failure,1
2024-02,Training500,6pal__A1_A0A412SRH5--6pal__B1_A0A412SRH5,6pal,cluster_30415_30415,cluster_30415,cluster_30415,A0A412SRH5,A0A412SRH5,group2,4,ordinary_sampling_failure,3
2024-02,Training500,4upd__A1_Q2TFW1--4upd__B1_Q2TFW1,4upd,cluster_6712_6712,cluster_6712,cluster_6712,Q2TFW1,Q2TFW1,group1,4,ordinary_sampling_failure,2
2024-02,Training500,6k8i__B1_Q96524--6k8i__A1_Q96524,6k8i,cluster_6924_6924,cluster_6924,cluster_6924,Q96524,Q96524,group3,4,ordinary_sampling_failure,0
2024-02,Training500,6t6q__A1_A0A0F7VBC6--6t6q__B1_A0A0F7VBC6,6t6q,cluster_6912_6912,cluster_6912,cluster_6912,A0A0F7VBC6,A0A0F7VBC6,group3,4,ordinary_sampling_failure,4
2024-02,Training500,4lp7__C1_Q91F56--4lp7__A1_Q91F56,4lp7,cluster_31323_31323,cluster_31323,cluster_31323,Q91F56,Q91F56,group1,4,ordinary_sampling_failure,1
2024-02,Training500,5xpz__A1_Q8CIB5--5xpz__B1_Q8CIB5,5xpz,cluster_17254_17254,cluster_17254,cluster_17254,Q8CIB5,Q8CIB5,group2,4,ordinary_sampling_failure,3
2024-02,Training500,6htj__A1_Q97VU8--6htj__B1_Q97VU8,6htj,cluster_2769_2769,cluster_2769,cluster_2769,Q97VU8,Q97VU8,group2,4,ordinary_sampling_failure,2
2024-02,Training500,1evx__A1_Q94702--1evx__B1_Q94702,1evx,cluster_7962_7962,cluster_7962,cluster_7962,Q94702,Q94702,group3,4,ordinary_sampling_failure,0
2024-02,Training500,4af9__A1_Q6VBJ0--4af9__A2_Q6VBJ0,4af9,cluster_3314_3314,cluster_3314,cluster_3314,Q6VBJ0,Q6VBJ0,group2,4,ordinary_sampling_failure,4
2024-02,Training500,1r5p__B1_Q8YT41--1r5p__A1_Q8YT41,1r5p,cluster_5143_5143,cluster_5143,cluster_5143,Q8YT41,Q8YT41,group2,4,ordinary_sampling_failure,1
2024-02,Training500,5u4o__A1_A0A6H3AI29--5u4o__A2_A0A6H3AI29,5u4o,cluster_18833_18833,cluster_18833,cluster_18833,A0A6H3AI29,A0A6H3AI29,group1,4,ordinary_sampling_failure,3
2024-02,Training500,7rwk__A1_V4NUN3--7rwk__B1_V4NUN3,7rwk,cluster_96_96,cluster_96,cluster_96,V4NUN3,V4NUN3,group2,4,ordinary_sampling_failure,2
2024-02,Training500,1cdd__A1_P08179--1cdd__B1_P08179,1cdd,cluster_5416_5416,cluster_5416,cluster_5416,P08179,P08179,group1,4,ordinary_sampling_failure,0
2024-02,Training500,1z77__A1_Q9X0C0--1z77__A2_Q9X0C0,1z77,cluster_7390_7390,cluster_7390,cluster_7390,Q9X0C0,Q9X0C0,group3,4,ordinary_sampling_failure,4
2024-02,Training500,5cs3__A1_P14210--5cs3__B1_P14210,5cs3,cluster_6659_6659,cluster_6659,cluster_6659,P14210,P14210,group3,4,ordinary_sampling_failure,1
2024-02,Training500,5zyo__A1_P0A8I8--5zyo__C1_P0A8I8,5zyo,cluster_681_681,cluster_681,cluster_681,P0A8I8,P0A8I8,group3,4,ordinary_sampling_failure,3
2024-02,Training500,3dal__A1_O75626--3dal__B2_O75626,3dal,cluster_21742_21742,cluster_21742,cluster_21742,O75626,O75626,group2,4,ordinary_sampling_failure,2
2024-02,Training500,1qf8__A1_P67870--1qf8__B1_P67870,1qf8,cluster_9795_9795,cluster_9795,cluster_9795,P67870,P67870,group2,4,ordinary_sampling_failure,0
2024-02,Training500,3f7c__A1_A1TZ69--3f7c__A2_A1TZ69,3f7c,cluster_9262_9262,cluster_9262,cluster_9262,A1TZ69,A1TZ69,group3,4,ordinary_sampling_failure,4
2024-02,Training500,5wat__A2_P07128--5wat__B1_P07128,5wat,cluster_8165_8165,cluster_8165,cluster_8165,P07128,P07128,group1,5,high_confidence_stable_wrong,3
2024-02,Training500,2y6b__A1_Q43758--2y6b__A2_Q43758,2y6b,cluster_1918_1918,cluster_1918,cluster_1918,Q43758,Q43758,group2,5,high_confidence_stable_wrong,1
