selection_order,id,source_group,class_id,class_key,same_uniprot,cluster_id,cv_fold,length_R,length_L,total_length,selection_reason,selection_hash
1,6in7__B1_Q06198--6in7__A1_P38107,feasibility50,1,robust_correct,False,cluster_120_14943,2,174,79,253,existing_multiseed_anchor,135543812552235492
2,1mr1__A1_Q13485--1mr1__D1_P12755,feasibility50,1,robust_correct,False,cluster_5412_9566,0,195,96,291,existing_multiseed_anchor,420287228084539741
3,1foe__A1_Q60610--1foe__B1_P63000,group3,1,robust_correct,False,cluster_31199_437,1,362,177,539,maximin_feature_diversity,467557527570488929
4,5eu0__A1_E6YJU0--5eu0__B1_E6YLF5,feasibility50,1,robust_correct,False,cluster_23608_7519,3,213,55,268,existing_multiseed_anchor,555061428055832900
5,7e36__B1_A0A318JQQ2--7e36__A1_A0A318JWT9,group1,1,robust_correct,False,cluster_2478_2478,4,395,319,714,maximin_feature_diversity,815613738020446712
6,2zix__A1_Q96NY9--2zix__B1_Q96AY2,group3,1,robust_correct,False,cluster_17466_17467,2,270,259,529,maximin_feature_diversity,836491412300914228
7,1a22__B1_P10912--1a22__A1_P01241,group1,1,robust_correct,False,cluster_6219_725,0,192,180,372,maximin_feature_diversity,932856472288375460
8,6xwx__A1_G0S825--6xwx__B1_G0S0S7,group1,1,robust_correct,False,cluster_28935_28936,1,564,84,648,maximin_feature_diversity,1181238369469947571
9,4lo8__A1_Q8KHU9--4lo8__B1_Q45878,group2,1,robust_correct,False,cluster_35631_3875,3,233,143,376,maximin_feature_diversity,1257461213383015230
10,6hmv__A1_Q9H3P7--6hmv__B1_Q68T42,group3,1,robust_correct,False,cluster_12667_12668,4,126,43,169,maximin_feature_diversity,1335363088536582998
11,5b5w__A1_Q8BPB0--5b5w__B1_O95835,group2,1,robust_correct,False,cluster_17511_722,2,172,64,236,maximin_feature_diversity,1366340721900986498
12,6zht__A1_P22515--6zht__B1_P52490,group3,1,robust_correct,False,cluster_1408_4835,0,983,153,1136,maximin_feature_diversity,1606456029044893049
13,1s70__A1_P62207--1s70__B1_Q90623,group1,1,robust_correct,False,cluster_1544_583,1,309,291,600,maximin_feature_diversity,1666967469821365860
14,5lxr__A1_Q9Y580--5lxr__B1_Q6NZY4,group2,1,robust_correct,False,cluster_34680_993,3,80,40,120,maximin_feature_diversity,2119897012180414225
15,2wmp__A1_Q1R2W9--2wmp__B1_Q47445,group1,1,robust_correct,False,cluster_1398_4477,4,216,123,339,maximin_feature_diversity,2245445135201622514
16,3tbi__B1_P0A8V2--3tbi__A1_P13338,group2,1,robust_correct,False,cluster_118_18261,2,226,69,295,maximin_feature_diversity,2409385648474708473
17,5y61__A1_Q9I4L4--5y61__B1_Q9I4L6,feasibility50,1,robust_correct,False,cluster_1923_1924,0,151,123,274,existing_multiseed_anchor,3143377139145400535
18,4qpl__A1_Q9CZW6--4qpl__B1_P51668,group2,1,robust_correct,False,cluster_10878_1408,1,153,149,302,maximin_feature_diversity,3345055851129178297
19,2vlo__B1_P09883--2vlo__A1_P13479,feasibility50,1,robust_correct,False,cluster_1180_1251,3,132,90,222,existing_multiseed_anchor,3389327193748202644
20,5hy7__A1_G0S5A2--5hy7__B1_G0S133,group1,1,robust_correct,False,cluster_606_607,4,1173,55,1228,maximin_feature_diversity,3442511196439169715
21,6s6a__A1_Q7L523--6s6a__C1_Q9HB90,feasibility50,1,robust_correct,False,cluster_1197_6745,2,298,273,571,existing_multiseed_anchor,3723619448713535914
22,1tf0__A1_P02768--1tf0__B1_Q51911,feasibility50,1,robust_correct,False,cluster_11836_4106,0,556,53,609,existing_multiseed_anchor,3724267008181799177
23,2r17__C1_Q96QK1--2r17__A1_Q9UBQ0,feasibility50,1,robust_correct,False,cluster_4561_4562,1,294,179,473,existing_multiseed_anchor,3935871875309028944
24,2h7z__B1_A0S865--2h7z__A1_A0S864,group3,1,robust_correct,False,cluster_1356_1356,3,77,75,152,maximin_feature_diversity,4113965996334112429
25,2ga9__B1_P23371--2ga9__A1_P07617,feasibility50,1,robust_correct,False,cluster_2277_32196,4,445,288,733,existing_multiseed_anchor,4216247550954897690
26,4bi8__B1_S4S1W1--4bi8__A1_S4S1W3,feasibility50,1,robust_correct,False,cluster_6528_6558,2,163,94,257,existing_multiseed_anchor,4587592972534363069
27,3aon__A1_P43435--3aon__B1_P43455,group1,1,robust_correct,False,cluster_1962_24749,0,180,99,279,maximin_feature_diversity,4781641849059133640
28,1ory__A1_O67806--1ory__B1_O67803,feasibility50,1,robust_correct,False,cluster_14960_5179,1,119,40,159,existing_multiseed_anchor,4815458026935343817
29,5kyy__B1_O94855--5kyy__A1_Q15436,group3,1,robust_correct,False,cluster_1304_1306,3,767,716,1483,maximin_feature_diversity,4840101152884022034
30,1tej__B1_P0C6B5--1tej__A1_P0C6B4,group2,1,robust_correct,False,cluster_4254_4254,4,63,62,125,maximin_feature_diversity,5086111799824738643
31,6j2u__B1_Q93HL2--6j2u__A1_Q93HL1,feasibility50,1,robust_correct,False,cluster_2607_2647,2,273,72,345,existing_multiseed_anchor,5094583411283072606
32,3lbx__B1_P11277--3lbx__A1_P02549,group1,1,robust_correct,False,cluster_8658_8658,0,182,140,322,maximin_feature_diversity,5443124298525147724
33,2gsm__A1_P33517--2gsm__B1_Q03736,feasibility50,1,robust_correct,False,cluster_1898_1904,1,535,256,791,existing_multiseed_anchor,5444517198751273614
34,5jkt__A1_P20536--5jkt__B1_P20995,group1,1,robust_correct,False,cluster_7852_7853,3,221,51,272,maximin_feature_diversity,5545093543522044699
35,5vzt__B1_Q5XUX0--5vzt__A1_P63208,group1,1,robust_correct,False,cluster_16010_1706,4,418,145,563,maximin_feature_diversity,5808074714709429639
36,2zjs__A1_Q5SHQ8--2zjs__B1_P38383,group1,1,robust_correct,False,cluster_17947_757,2,415,46,461,maximin_feature_diversity,5838822637018320095
37,4xyd__A1_Q16A04--4xyd__B1_Q16A03,feasibility50,1,robust_correct,False,cluster_17742_17743,0,445,145,590,existing_multiseed_anchor,5851813511200443218
38,4mgy__A1_Q9EQZ6--4mgy__B1_P61224,group1,1,robust_correct,False,cluster_24946_437,1,627,150,777,maximin_feature_diversity,6012295976531373890
39,6p7y__A1_J7H333--6p7y__B1_P52799,group3,1,robust_correct,False,cluster_4810_8064,3,430,137,567,maximin_feature_diversity,6083144515266189288
40,6rm9__A1_G0SEG4--6rm9__B1_G0SFN3,group1,1,robust_correct,False,cluster_2194_31575,4,654,40,694,maximin_feature_diversity,6306625365935170539
41,3wxm__A1_Q9YAV0--3wxm__B1_Q9YAZ5,group1,1,robust_correct,False,cluster_12560_841,2,432,357,789,maximin_feature_diversity,6489024116286751135
42,4fqb__B1_Q9I2Q0--4fqb__A1_Q9I2Q1,feasibility50,1,robust_correct,False,cluster_8105_8106,0,148,146,294,existing_multiseed_anchor,6662861223090022917
43,2b11__A1_P00431--2b11__B1_P00044,group2,1,robust_correct,False,cluster_1375_1918,1,294,108,402,maximin_feature_diversity,6700585188503843246
44,4noo__A1_Q9KN42--4noo__B1_Q9KN41,feasibility50,1,robust_correct,False,cluster_12779_12780,3,197,92,289,existing_multiseed_anchor,6752702832263272790
45,6ocf__A1_Q7L8A9--6ocf__B1_Q8N300,group2,1,robust_correct,False,cluster_15142_25499,4,241,47,288,maximin_feature_diversity,6897740809724727671
46,4u4p__A1_O95347--4u4p__B1_Q9NTJ3,group2,1,robust_correct,False,cluster_15451_15459,2,232,196,428,maximin_feature_diversity,7247896864456328306
47,6z81__A1_P05852--6z81__C1_P76256,feasibility50,1,robust_correct,False,cluster_23754_4598,0,342,229,571,existing_multiseed_anchor,7570556018216242227
48,1e1c__A1_P11653--1e1c__B1_P11652,feasibility50,1,robust_correct,False,cluster_8304_8305,1,727,619,1346,existing_multiseed_anchor,7685328456723196321
49,3e0j__G1_P49005--3e0j__H1_Q15054,group3,1,robust_correct,False,cluster_11612_11613,3,408,143,551,maximin_feature_diversity,7849698927371570836
50,3a98__B1_Q92556--3a98__A1_Q92608,group1,1,robust_correct,False,cluster_15574_998,4,186,152,338,maximin_feature_diversity,7909179732810284132
51,5ayr__A1_P13051--5ayr__B1_Q936H5,group1,1,robust_correct,False,cluster_1602_4870,2,224,109,333,maximin_feature_diversity,7913691411986026705
52,6j7m__A1_Q9HZZ1--6j7m__C1_Q9HZZ2,feasibility50,1,robust_correct,False,cluster_30249_6390,0,377,173,550,existing_multiseed_anchor,8143033426348011297
53,2apo__A1_Q57612--2apo__B1_P81303,feasibility50,1,robust_correct,False,cluster_4709_4710,1,304,52,356,existing_multiseed_anchor,8159098074786238093
54,4nfu__A1_Q9XF23--4nfu__B1_Q4F883,feasibility50,1,robust_correct,False,cluster_5028_5029,3,619,524,1143,existing_multiseed_anchor,8159726474222073726
55,6djl__C1_O60239--6djl__A1_P62491,feasibility50,1,robust_correct,False,cluster_32150_437,4,224,176,400,existing_multiseed_anchor,8253472322043911172
56,3n4i__A1_P0AD64--3n4i__B1_P35804,group1,1,robust_correct,False,cluster_3641_3642,2,265,165,430,maximin_feature_diversity,8334950055958522964
57,4g94__B1_Q4Z9Y5--4g94__A1_P0A0J0,group1,1,robust_correct,False,cluster_345_9833,0,198,62,260,maximin_feature_diversity,8463197772792420501
58,5l0w__A1_G0SH41--5l0w__B1_G0S0B5,group3,1,robust_correct,False,cluster_1260_8241,1,205,160,365,maximin_feature_diversity,8512089572019693754
59,6kbe__A1_B9G207--6kbe__B1_P0CG48,group3,1,robust_correct,False,cluster_1408_415,3,239,149,388,maximin_feature_diversity,8588513672650933508
60,1spp__B1_P35496--1spp__A1_P35495,group1,1,robust_correct,False,cluster_17629_17629,4,112,109,221,maximin_feature_diversity,8601977014346748563
61,4wlp__A1_Q9Y5K5--4wlp__B1_Q6P4R8,group3,1,robust_correct,False,cluster_2405_5709,2,296,114,410,maximin_feature_diversity,8697133587070854046
62,5ztb__B1_Q72LF3--5ztb__A1_Q72LF4,group3,1,robust_correct,False,cluster_3180_5364,0,311,65,376,maximin_feature_diversity,8811969322562157638
63,7bv5__C1_Q9URQ3--7bv5__A1_P47058,feasibility50,1,robust_correct,False,cluster_1296_22587,1,284,234,518,existing_multiseed_anchor,8892089338422821236
64,4at7__A1_Q9CXY6--4at7__B1_Q9Z1X4,group3,1,robust_correct,False,cluster_9207_9208,3,334,324,658,maximin_feature_diversity,8910877603495241651
65,6j4p__A1_Q86V25--6j4p__B1_Q8N300,feasibility50,1,robust_correct,False,cluster_15142_25522,4,246,44,290,existing_multiseed_anchor,9194367552248451788
66,4oy2__A1_P46677--4oy2__D1_Q05021,feasibility50,1,robust_correct,False,cluster_4932_4933,2,459,224,683,existing_multiseed_anchor,9195768249298557953
67,4zir__A1_Q9WY65--4zir__B1_Q9X1Z1,group1,1,robust_correct,False,cluster_610_610,0,263,247,510,maximin_feature_diversity,9227668330937638958
68,1rj9__B1_O07347--1rj9__A1_P83749,group1,1,robust_correct,False,cluster_236_236,1,282,277,559,maximin_feature_diversity,9545102354591509024
69,2rax__A1_O15392--2rax__B1_Q53HL2,group2,1,robust_correct,False,cluster_2437_9774,3,115,58,173,maximin_feature_diversity,9748736897609353387
70,6yva__A1_P0DTD1--6yva__B1_Q64339,group1,1,robust_correct,False,cluster_3139_415,4,283,155,438,maximin_feature_diversity,9881324599595788431
71,7mnr__A1_P62826--7mnr__B1_P49792,group3,1,robust_correct,False,cluster_11956_437,2,203,40,243,maximin_feature_diversity,9936280216542749359
72,4giz__A1_P0AEX9--4giz__C1_P03126,group2,1,robust_correct,False,cluster_10592_409,0,382,142,524,maximin_feature_diversity,9978208311267522223
73,7sa1__B1_Q5VMP0--7sa1__A1_Q39255,group2,1,robust_correct,False,cluster_1706_21415,1,624,122,746,maximin_feature_diversity,10151559438086030469
74,4dex__A1_P54288--4dex__B1_Q02294,group3,1,robust_correct,False,cluster_37018_5083,3,289,45,334,maximin_feature_diversity,10380392523496846342
75,6au8__A1_Q7L5D6--6au8__B1_P46379,group3,1,robust_correct,False,cluster_10083_5104,4,280,42,322,maximin_feature_diversity,10409532960042223999
76,3k7v__A1_P30153--3k7v__B1_P67775,feasibility50,1,robust_correct,False,cluster_1544_2851,2,581,288,869,existing_multiseed_anchor,10420517939271423379
77,6pnp__A1_Q9CS84--6pnp__B1_Q63366,feasibility50,1,robust_correct,False,cluster_37121_37122,0,193,132,325,existing_multiseed_anchor,10561827240200338402
78,5ky2__A1_Q91ZW2--5ky2__B1_P70375,group1,1,robust_correct,False,cluster_3018_588,1,355,40,395,maximin_feature_diversity,10679604542346196747
79,1vf6__A1_Q8NI35--1vf6__C1_Q9JLB2,feasibility50,1,robust_correct,False,cluster_9363_9364,3,58,51,109,existing_multiseed_anchor,10685391788762346799
80,3n9y__A1_P05108--3n9y__C1_P10109,group3,1,robust_correct,False,cluster_3707_4339,4,471,68,539,maximin_feature_diversity,10691115141957250707
81,2zae__A1_O59425--2zae__B1_O59248,group3,1,robust_correct,False,cluster_12983_12984,2,105,98,203,maximin_feature_diversity,10786188126317802496
82,2b5u__A1_P00646--2b5u__B1_P02984,group1,1,robust_correct,False,cluster_15945_15946,0,470,84,554,maximin_feature_diversity,10980893558799621313
83,4ip3__A1_Q8VSD5--4ip3__B1_P61088,feasibility50,1,robust_correct,False,cluster_1408_16815,1,192,151,343,existing_multiseed_anchor,11309858844546403023
84,4k5a__A1_Q1RMX3--4k5a__B1_UNDEFINED,group1,1,robust_correct,False,cluster_1936_583,3,164,161,325,maximin_feature_diversity,11461751107882924474
85,5f4e__A1_Q8IYV9--5f4e__B1_A6ND01,group1,1,robust_correct,False,cluster_9086_9087,4,233,209,442,maximin_feature_diversity,11551293659800460243
86,2yin__B1_Q92608--2yin__D1_P63000,group1,1,robust_correct,False,cluster_12110_437,2,410,181,591,maximin_feature_diversity,11658028733044296496
87,4u1c__A1_P32497--4u1c__B1_P38249,group1,1,robust_correct,False,cluster_10146_2441,0,544,271,815,maximin_feature_diversity,11986130029382941801
88,7s7q__A1_Q8I1Y0--7s7q__B1_C6KSX0,group3,1,robust_correct,False,cluster_35248_35249,1,304,268,572,maximin_feature_diversity,12073599649973944758
89,3mxn__A1_Q9H9A7--3mxn__B1_Q96E14,feasibility50,1,robust_correct,False,cluster_4532_4533,3,151,131,282,existing_multiseed_anchor,12146358460105262811
90,2yaj__A1_Q38HX4--2yaj__B1_Q38HX3,group3,1,robust_correct,False,cluster_5562_5563,4,869,86,955,maximin_feature_diversity,12334710479280752988
91,4oh8__B1_Q8WWW0--4oh8__A1_Q13043,group3,1,robust_correct,False,cluster_5163_8741,2,46,43,89,maximin_feature_diversity,12744670722687643464
92,5fbz__A1_A0A182DWC7--5fbz__B1_P01053,group3,1,robust_correct,False,cluster_37934_387,0,432,67,499,maximin_feature_diversity,13303006443190303350
93,4bvx__A1_P56192--4bvx__B1_O43324,feasibility50,1,robust_correct,False,cluster_1930_1934,1,203,170,373,existing_multiseed_anchor,13497457554575868663
94,6qxp__A1_O48809--6qxp__I1_Q9FZA0,group1,1,robust_correct,False,cluster_1977_2601,3,342,47,389,maximin_feature_diversity,13705599493817868519
95,5vpc__B1_P17535--5vpc__A1_P53539,group1,1,robust_correct,False,cluster_11019_29001,4,68,55,123,maximin_feature_diversity,13815433331540683655
96,5f22__B1_P0C6X7--5f22__A1_P0C6U8,feasibility50,1,robust_correct,False,cluster_306_307,2,115,79,194,existing_multiseed_anchor,14026408687879383081
97,1krl__B1_P02882--1krl__A1_P02881,group1,1,robust_correct,False,cluster_3543_3543,0,48,44,92,maximin_feature_diversity,14235296959067451366
98,4xt2__C1_Q99814--4xt2__A1_P27540,group1,1,robust_correct,False,cluster_2976_2976,1,116,111,227,maximin_feature_diversity,14619622381038583077
99,6l4p__A1_Q9XHH2--6l4p__B1_Q39575,feasibility50,1,robust_correct,False,cluster_2106_21655,3,195,138,333,existing_multiseed_anchor,14701223255790099497
100,3zr4__A1_Q9X0C6--3zr4__B1_Q9X0C8,feasibility50,1,robust_correct,False,cluster_6869_6870,4,242,201,443,existing_multiseed_anchor,14774833811215907515
101,5lsb__A1_Q99181--5lsb__B1_Q02554,group2,1,robust_correct,False,cluster_2105_993,2,176,62,238,maximin_feature_diversity,14802872909219534993
102,5tbk__J1_P18754--5tbk__A1_O00629,group3,1,robust_correct,False,cluster_1373_1762,0,418,417,835,maximin_feature_diversity,14990602509298391607
103,3axj__B1_Q9VF77--3axj__A1_Q7JVK6,group3,1,robust_correct,False,cluster_6242_6242,1,235,222,457,maximin_feature_diversity,15073930285314427015
104,3cbk__A1_P07858--3cbk__B1_Q966X9,feasibility50,1,robust_correct,False,cluster_6304_6704,3,257,110,367,existing_multiseed_anchor,15148056178419598769
105,4zkc__A1_Q2F862--4zkc__B1_P80098,feasibility50,1,robust_correct,False,cluster_144_19156,4,217,60,277,existing_multiseed_anchor,15194204089340654814
106,6a3v__A1_P41273--6a3v__B1_Q07011,group3,1,robust_correct,False,cluster_5515_6908,2,149,138,287,maximin_feature_diversity,15321340775068511866
107,7s0y__A1_P18177--7s0y__B1_P60953,group3,1,robust_correct,False,cluster_437_7718,0,542,180,722,maximin_feature_diversity,15423498569612829606
108,2y9y__B1_P43596--2y9y__A1_P38144,group3,1,robust_correct,False,cluster_16576_30384,1,592,277,869,maximin_feature_diversity,15446639347723892745
109,5uiw__A1_P51681--5uiw__B1_P13501,group1,1,robust_correct,False,cluster_143_144,3,352,67,419,maximin_feature_diversity,15683140510897554352
110,1ogy__A1_Q53176--1ogy__B1_Q53177,group2,1,robust_correct,False,cluster_1993_1994,4,790,127,917,maximin_feature_diversity,15698112273228755585
111,2a1j__B1_P07992--2a1j__A1_Q92889,group2,1,robust_correct,False,cluster_12762_6937,2,79,62,141,maximin_feature_diversity,15950139500753413884
112,1ira__B1_P14778--1ira__A1_P18510,group1,1,robust_correct,False,cluster_693_9399,0,311,145,456,maximin_feature_diversity,15953916927274962519
113,4bry__A1_O75496--4bry__B1_D6RGH6,group2,1,robust_correct,False,cluster_15378_28762,1,69,69,138,maximin_feature_diversity,16003989629927462564
114,6i7s__C1_P55157--6i7s__A1_P07237,group1,1,robust_correct,False,cluster_22133_621,3,863,461,1324,maximin_feature_diversity,16126660790485579592
115,5ch7__A1_G8QM55--5ch7__B1_G8QM54,group2,1,robust_correct,False,cluster_17946_3416,4,894,329,1223,maximin_feature_diversity,16177041481934791606
116,3lcb__A1_Q8X607--3lcb__D2_P08200,group3,1,robust_correct,False,cluster_1246_13811,2,554,415,969,maximin_feature_diversity,16311826286908615614
117,7dnn__A1_H0QPL9--7dnn__B1_H0QPL8,group3,1,robust_correct,False,cluster_6967_6968,0,336,131,467,maximin_feature_diversity,16375648327224980675
118,1luj__A1_P35222--1luj__B1_Q9JJN6,feasibility50,1,robust_correct,False,cluster_1373_8533,1,501,71,572,existing_multiseed_anchor,16464854917604075524
119,6hul__B1_P50383--6hul__A1_P50382,group2,1,robust_correct,False,cluster_1163_4654,3,416,241,657,maximin_feature_diversity,16522019060702344695
120,5t3r__B1_Q8A6W3--5t3r__A1_Q8A6W4,group2,1,robust_correct,False,cluster_2672_2673,4,806,553,1359,maximin_feature_diversity,16718876761205166955
121,6vax__A1_P31040--6vax__B1_Q9NX18,group1,1,robust_correct,False,cluster_11268_392,2,611,113,724,maximin_feature_diversity,17053925493316504545
122,2b42__A1_Q8H0K8--2b42__B1_P18429,group3,1,robust_correct,False,cluster_6292_7873,0,364,184,548,maximin_feature_diversity,17070675229982772952
123,3vyr__B1_Q5JII1--3vyr__A1_Q5JII0,group1,1,robust_correct,False,cluster_1112_32790,1,371,72,443,maximin_feature_diversity,17126710723604559484
124,6r6n__A1_Q1Q7P4--6r6n__B1_Q1Q7P3,group1,1,robust_correct,False,cluster_29905_9,3,111,100,211,maximin_feature_diversity,17201403192883834689
125,1zoq__A1_Q14653--1zoq__B1_Q92793,group2,1,robust_correct,False,cluster_9276_9277,4,191,47,238,maximin_feature_diversity,17253245594624815105
126,4hg6__A1_Q3J125--4hg6__B1_Q3J126,feasibility50,1,robust_correct,False,cluster_16344_16345,2,747,655,1402,existing_multiseed_anchor,17539339622501773183
127,5vxz__A1_Q14393--5vxz__C1_P30530,feasibility50,1,robust_correct,False,cluster_22270_9993,0,376,102,478,existing_multiseed_anchor,17642069476379583220
128,3w2v__A1_Q8U1S6--3w2v__B1_Q8U1S7,group2,1,robust_correct,False,cluster_7008_7009,1,602,281,883,maximin_feature_diversity,17693737236352785796
129,6p66__B1_O29890--6p66__A1_O29889,group3,1,robust_correct,False,cluster_13819_13820,3,467,443,910,maximin_feature_diversity,17718984661330169103
130,6fc2__A1_P07260--6fc2__B1_P36041,feasibility50,1,robust_correct,False,cluster_2391_24539,4,178,60,238,existing_multiseed_anchor,17720825201318669703
131,3gb8__A1_O14980--3gb8__B1_O95149,group3,1,robust_correct,False,cluster_435_769,2,959,268,1227,maximin_feature_diversity,17752649825693349689
132,5yh3__A1_Q96MK3--5yh3__B1_Q8IXL6,group1,1,robust_correct,False,cluster_6497_6497,0,438,385,823,maximin_feature_diversity,17781837917681578323
133,1ujw__A1_P06129--1ujw__B1_P00646,group3,1,robust_correct,False,cluster_15945_7863,1,576,116,692,maximin_feature_diversity,17854167535623871182
134,6cp8__A1_A0A2A2CAY5--6cp8__C1_A0A2A2C800,feasibility50,1,robust_correct,False,cluster_18238_18239,3,157,157,314,existing_multiseed_anchor,18261639452987908412
135,5wuq__A1_Q45585--5wuq__C1_Q45588,group1,1,robust_correct,False,cluster_120_3090,4,158,70,228,maximin_feature_diversity,18308500752067065410
136,1vc1__A1_Q9X1F5--1vc1__B1_Q9X1F5,group1,1,robust_correct,True,cluster_13246_13246,3,110,110,220,maximin_feature_diversity,585868234841945504
137,3f6t__B1_Q5FIG7--3f6t__A1_Q5FIG7,group1,1,robust_correct,True,cluster_575_575,2,508,506,1014,maximin_feature_diversity,606758192504559583
138,4g3k__A1_O66591--4g3k__B1_O66591,group1,1,robust_correct,True,cluster_22960_22960,4,155,140,295,maximin_feature_diversity,1193431609500498005
139,6vwo__A1_P0AEW6--6vwo__A2_P0AEW6,group2,1,robust_correct,True,cluster_25747_25747,1,383,383,766,maximin_feature_diversity,1793328515384670982
140,4eog__A1_UNDEFINED--4eog__A2_UNDEFINED,group3,1,robust_correct,False,cluster_22129_22129,0,460,460,920,maximin_feature_diversity,1818804244334323251
141,5tc2__A1_P04585--5tc2__B1_P04585,group3,1,robust_correct,True,cluster_17_17,3,55,55,110,maximin_feature_diversity,2090643951129821121
142,3up1__A1_P16871--3up1__B1_P16871,group2,1,robust_correct,True,cluster_7163_7163,2,201,196,397,maximin_feature_diversity,2493955228354017067
143,3fkq__A1_D0VX10--3fkq__A2_D0VX10,group3,1,robust_correct,True,cluster_12251_12251,4,344,344,688,maximin_feature_diversity,2761411936215707144
144,2raf__B1_F9URQ8--2raf__A1_F9URQ8,group1,1,robust_correct,True,cluster_23535_23535,1,201,184,385,maximin_feature_diversity,2791481650025934345
145,3d3r__A1_Q8EF93--3d3r__B1_Q8EF93,group2,1,robust_correct,True,cluster_37898_37898,0,80,77,157,maximin_feature_diversity,3092501273955350538
146,1zp6__A1_A9CEJ3--1zp6__A2_A9CEJ3,group1,1,robust_correct,True,cluster_28190_28190,3,174,174,348,maximin_feature_diversity,3677699881182256772
147,1b3q__B1_Q56310--1b3q__A1_Q56310,group1,1,robust_correct,True,cluster_13589_13589,2,370,368,738,maximin_feature_diversity,3696646551702714375
148,1xsv__A1_P67248--1xsv__B1_P67248,group3,1,robust_correct,True,cluster_27679_27679,4,104,104,208,maximin_feature_diversity,3961726092865085244
149,2pyu__A1_P52061--2pyu__A2_P52061,group2,1,robust_correct,True,cluster_1715_1715,1,208,208,416,maximin_feature_diversity,4217734795311235293
150,7cdv__A1_A0A2I4PGE9--7cdv__B1_A0A2I4PGE9,group1,1,robust_correct,True,cluster_1257_1257,0,277,276,553,maximin_feature_diversity,4235825442234746183
151,7ovp__A1_O58230--7ovp__B1_O58230,group2,1,robust_correct,True,cluster_29336_29336,3,329,329,658,maximin_feature_diversity,4249936972091962498
152,4ny2__A1_UNDEFINED--4ny2__B1_UNDEFINED,group1,1,robust_correct,False,cluster_6315_6315,2,405,405,810,maximin_feature_diversity,4341610103133899732
153,5z5y__A1_P02866--5z5y__B1_P02866,group3,1,robust_correct,True,cluster_1152_1152,4,237,237,474,maximin_feature_diversity,4799342012003439343
154,1kzh__A1_P70826--1kzh__B1_P70826,group1,1,robust_correct,True,cluster_4308_4308,1,550,530,1080,maximin_feature_diversity,4913274134270816609
155,1vp7__B1_Q7VV85--1vp7__A1_Q7VV85,group2,1,robust_correct,True,cluster_27377_27377,0,76,67,143,maximin_feature_diversity,5090227761535952566
156,4kun__A1_UNDEFINED--4kun__B1_UNDEFINED,group1,1,robust_correct,False,cluster_20206_20206,3,89,88,177,maximin_feature_diversity,5322434063318013979
157,4har__A1_P08563--4har__B1_P08563,group2,1,robust_correct,True,cluster_23519_23519,2,98,97,195,maximin_feature_diversity,5424579194908735952
158,5an6__B1_Q9X2D0--5an6__C1_Q9X2D0,group3,1,robust_correct,True,cluster_33544_33544,4,123,123,246,maximin_feature_diversity,5439835812803487271
159,2vcg__D1_Q70I53--2vcg__A1_Q70I53,group2,1,robust_correct,True,cluster_4973_4973,1,375,368,743,maximin_feature_diversity,5847364543828016396
160,1b7e__A1_Q46731--1b7e__A2_Q46731,group1,1,robust_correct,True,cluster_12148_12148,0,372,372,744,maximin_feature_diversity,5883120782896759722
161,2d1g__A1_A0Q436--2d1g__B1_A0Q436,group1,1,robust_correct,True,cluster_36673_36673,3,481,472,953,maximin_feature_diversity,5965157855958540254
162,3fx0__B1_Q9Y6K9--3fx0__A1_Q9Y6K9,group2,1,robust_correct,True,cluster_3603_3603,2,71,63,134,maximin_feature_diversity,6142720557521548327
163,2aye__B1_Q84294--2aye__A1_Q84294,group1,1,robust_correct,True,cluster_1084_1084,4,87,86,173,maximin_feature_diversity,6720567726081943318
164,3cam__A1_Q9JZZ4--3cam__B1_Q9JZZ4,group2,1,robust_correct,True,cluster_2873_2873,1,65,65,130,maximin_feature_diversity,7105705276155488285
165,2q1k__A1_Q1EHA4--2q1k__B1_Q1EHA4,group2,1,robust_correct,True,cluster_19020_19020,0,51,51,102,maximin_feature_diversity,7570369710972862644
166,5mxg__A1_C7BLE4--5mxg__A2_C7BLE4,group2,1,robust_correct,True,cluster_4501_4501,3,344,344,688,maximin_feature_diversity,8719504396967788376
167,4cfg__A1_Q14258--4cfg__B1_Q14258,group1,1,robust_correct,True,cluster_19549_19549,2,161,159,320,maximin_feature_diversity,9664315940096396796
168,6y62__B1_Q5MYC0--6y62__A1_Q5MYC0,group2,1,robust_correct,True,cluster_1928_1944,4,419,352,771,maximin_feature_diversity,9847246103285933185
169,2dm9__A1_O57724--2dm9__B1_O57724,group3,1,robust_correct,True,cluster_4445_4445,1,118,118,236,maximin_feature_diversity,10277714458677345981
170,4git__A1_Q84FG5--4git__B1_Q84FG5,group2,1,robust_correct,True,cluster_3575_3575,0,92,92,184,maximin_feature_diversity,10328292857919894965
171,3nnf__A1_Q6DNF2--3nnf__A2_Q6DNF2,group1,1,robust_correct,True,cluster_33162_33162,3,318,318,636,maximin_feature_diversity,10605141034038171762
172,6efw__A1_J9VIT7--6efw__A2_J9VIT7,group1,1,robust_correct,True,cluster_20270_20270,2,346,346,692,maximin_feature_diversity,10840049763755813194
173,3b4y__A1_P9WNE1--3b4y__B1_P9WNE1,group3,1,robust_correct,True,cluster_29286_29286,4,323,323,646,maximin_feature_diversity,10999773903170486421
174,6exa__B1_Q5ZYC7--6exa__A1_Q5ZYC7,group1,1,robust_correct,True,cluster_4995_4995,1,224,217,441,maximin_feature_diversity,11084404542878101668
175,2eiu__E1_O67549--2eiu__A1_O67549,group3,1,robust_correct,True,cluster_23769_23769,0,125,115,240,maximin_feature_diversity,11136565261682415390
176,4obx__A1_P49017--4obx__D1_P49017,group1,1,robust_correct,True,cluster_37377_37377,3,235,235,470,maximin_feature_diversity,11322255856292513344
177,2ei5__A1_Q5SM82--2ei5__B1_Q5SM82,group3,1,robust_correct,True,cluster_23761_23761,2,106,106,212,maximin_feature_diversity,12357790035807969370
178,4gof__A1_O43765--4gof__B1_O43765,group1,1,robust_correct,True,cluster_5189_5189,4,52,52,104,maximin_feature_diversity,12749467773739429396
179,2ntx__A1_Q9LV40--2ntx__B1_Q9LV40,group2,1,robust_correct,True,cluster_19528_19528,1,300,273,573,maximin_feature_diversity,13375957835557547534
180,5gwv__B1_A0A010--5gwv__A1_A0A010,group3,1,robust_correct,True,cluster_20419_20419,0,332,264,596,maximin_feature_diversity,13656924911413001275
181,6kuc__A1_Q9Y006--6kuc__A2_Q9Y006,group2,1,robust_correct,True,cluster_33276_33276,3,377,377,754,maximin_feature_diversity,13778936782914070686
182,5swi__A1_A0A0Y0HIE3--5swi__D1_A0A0Y0HIE3,group1,1,robust_correct,True,cluster_5152_5152,2,693,681,1374,maximin_feature_diversity,14240851828656641341
183,1v5v__A1_O58888--1v5v__B1_O58888,group1,1,robust_correct,True,cluster_14502_14502,4,399,399,798,maximin_feature_diversity,14262360945808459647
184,3e7l__A1_O66551--3e7l__B1_O66551,group2,1,robust_correct,True,cluster_18009_18009,1,60,54,114,maximin_feature_diversity,14587851813419373628
185,3qty__A1_Q5NGF2--3qty__B1_Q5NGF2,group3,1,robust_correct,True,cluster_9443_9443,0,334,317,651,maximin_feature_diversity,14676967263376646211
186,6wlg__A1_Q68E01--6wlg__B2_Q68E01,group3,1,robust_correct,True,cluster_6155_6155,3,361,346,707,maximin_feature_diversity,14706116199663713417
187,1qrk__B1_P00488--1qrk__A1_P00488,group1,1,robust_correct,True,cluster_4257_4257,2,705,700,1405,maximin_feature_diversity,14759386381130237673
188,1on8__A1_Q9ES89--1on8__B1_Q9ES89,group2,1,robust_correct,True,cluster_10693_10693,4,265,262,527,maximin_feature_diversity,14972714964338928389
189,1lyw__B1_P07339--1lyw__A1_P07339,group3,1,robust_correct,True,cluster_483_9737,1,241,95,336,maximin_feature_diversity,15148407194049544180
190,7acx__B1_Q9AEM2--7acx__A1_Q9AEM2,group3,1,robust_correct,True,cluster_6774_6775,0,369,313,682,maximin_feature_diversity,15277130262422810063
191,1k04__A1_Q05397--1k04__A2_Q05397,group1,1,robust_correct,True,cluster_10850_10850,3,142,142,284,maximin_feature_diversity,15513788437585606873
192,3wvb__A1_Q58649--3wvb__B1_Q58649,group2,1,robust_correct,True,cluster_15381_15381,2,167,167,334,maximin_feature_diversity,15594566021919913890
193,7ppp__A1_A0A5F9DAT3--7ppp__B1_A0A5F9DAT3,group2,1,robust_correct,True,cluster_27042_27042,4,73,61,134,maximin_feature_diversity,15813636621039711574
194,4v1i__A1_A0A140UH28--4v1i__B1_A0A140UH28,group3,1,robust_correct,True,cluster_31092_31092,1,151,150,301,maximin_feature_diversity,15845195547973350884
195,1g6u__A1_UNDEFINED--1g6u__B1_UNDEFINED,group2,1,robust_correct,False,cluster_34425_34425,0,48,48,96,maximin_feature_diversity,15969705545663886374
196,1ptq__A1_P28867--1ptq__A2_P28867,group1,1,robust_correct,True,cluster_16756_16756,3,50,50,100,maximin_feature_diversity,16489053159080859912
197,6w2n__A1_Q4DJ68--6w2n__A2_Q4DJ68,group3,1,robust_correct,True,cluster_6342_6342,2,544,544,1088,maximin_feature_diversity,16599029875423524074
198,3d8h__B1_Q5CXZ9--3d8h__A1_Q5CXZ9,group1,1,robust_correct,True,cluster_1927_1927,4,235,229,464,maximin_feature_diversity,17780157429187044739
199,7r79__B1_F0UVX7--7r79__A1_F0UVX7,group3,1,robust_correct,True,cluster_9878_9878,1,77,76,153,maximin_feature_diversity,18020190043227710741
200,3qsg__A1_C8WX00--3qsg__A2_C8WX00,group1,1,robust_correct,True,cluster_14333_14333,0,280,280,560,maximin_feature_diversity,18260412500481325835
201,3w0l__B1_Q91754--3w0l__A1_Q91753,feasibility50,2,fragile_correct,False,cluster_15362_29247,2,598,426,1024,existing_multiseed_anchor,2857832728278505703
202,2dcu__A1_Q8U082--2dcu__B1_Q8U3I5,group1,2,fragile_correct,False,cluster_2663_3329,4,407,137,544,retain_complete_high_information_class,3055441812339260663
203,4uhz__A1_P12643--4uhz__B1_Q6NW40,group1,2,fragile_correct,False,cluster_1376_7063,0,104,70,174,retain_complete_high_information_class,3124180701788537873
204,1hh4__A1_P63000--1hh4__C1_P52565,group2,2,fragile_correct,False,cluster_10578_437,1,189,186,375,retain_complete_high_information_class,3166935401589119701
205,3f8u__A1_P30101--3f8u__B1_O15533,group3,2,fragile_correct,False,cluster_10886_621,3,469,361,830,retain_complete_high_information_class,3483105662909216935
206,6lqo__A1_P29882--6lqo__G1_P0CK49,group1,2,fragile_correct,False,cluster_10253_24015,2,258,91,349,retain_complete_high_information_class,8938768631680048580
207,4xl5__B1_UNDEFINED--4xl5__A1_P42212,group1,2,fragile_correct,False,cluster_10903_91,4,245,226,471,retain_complete_high_information_class,10106452881262749261
208,7drb__B1_A0A2I8B6R1--7drb__A1_Q30BZ2,group3,2,fragile_correct,False,cluster_16810_3302,0,752,222,974,retain_complete_high_information_class,10462282417073603270
209,6ahy__B1_P56703--6ahy__A1_Q61091,feasibility50,2,fragile_correct,False,cluster_11260_3677,1,295,115,410,existing_multiseed_anchor,12735401577603310334
210,6sqc__A1_P0AEX9--6sqc__B1_Q9Y6Q9,feasibility50,2,fragile_correct,False,cluster_23402_409,3,424,39,463,existing_multiseed_anchor,13227811788477532802
211,5lda__A1_Q8U1Y4--5lda__B1_Q8U1Z3,group3,2,fragile_correct,False,cluster_1447_5364,2,126,56,182,retain_complete_high_information_class,14874219669277197178
212,2uzx__B1_P08581--2uzx__A1_P0DQD2,feasibility50,2,fragile_correct,False,cluster_10535_651,4,547,287,834,existing_multiseed_anchor,16919840580508650689
213,1x3w__A1_Q02890--1x3w__B1_P32628,group2,2,fragile_correct,False,cluster_11806_16546,0,317,55,372,retain_complete_high_information_class,17901260345191707093
214,5b2h__A1_Q93HT5--5b2h__B1_Q93HT5,group1,2,fragile_correct,True,cluster_2562_2562,1,283,283,566,retain_complete_high_information_class,293031451599220350
215,3mlf__A1_UNDEFINED--3mlf__B1_UNDEFINED,group3,2,fragile_correct,False,cluster_22428_22428,3,92,89,181,retain_complete_high_information_class,353411878657936416
216,5hrm__B1_A0A077JBW9--5hrm__A1_A0A077JBW9,group3,2,fragile_correct,True,cluster_1336_1336,2,495,494,989,retain_complete_high_information_class,1208547118983893097
217,3jtz__A1_Q9Z3B4--3jtz__A2_Q9Z3B4,group3,2,fragile_correct,True,cluster_7922_7922,0,77,77,154,retain_complete_high_information_class,1374758528803406043
218,5cuz__A1_Q9H3L0--5cuz__A2_Q9H3L0,group2,2,fragile_correct,True,cluster_30462_30462,4,155,155,310,retain_complete_high_information_class,1643839999983738017
219,5e9h__B1_Q4HYR2--5e9h__A1_Q4HYR2,group2,2,fragile_correct,True,cluster_3935_3935,1,528,518,1046,retain_complete_high_information_class,1878394712961625002
220,4z0o__A1_Q504Y3--4z0o__A2_Q504Y3,group2,2,fragile_correct,True,cluster_2560_2560,3,55,55,110,retain_complete_high_information_class,2153387207984560834
221,1bed__A1_P32557--1bed__A2_P32557,group3,2,fragile_correct,True,cluster_2303_2303,2,181,181,362,retain_complete_high_information_class,2390326559390807880
222,6a9y__A1_Q9BQI5--6a9y__A2_Q9BQI5,group3,2,fragile_correct,True,cluster_15576_15576,0,284,284,568,retain_complete_high_information_class,2466282440629593607
223,3nbe__A1_B2ZRS9--3nbe__B1_B2ZRS9,group3,2,fragile_correct,True,cluster_4625_4625,4,147,147,294,retain_complete_high_information_class,2592029990458191531
224,7aed__B1_D1LHF8--7aed__A1_D1LHF8,group1,2,fragile_correct,True,cluster_16236_16236,1,138,128,266,retain_complete_high_information_class,2660322755312355128
225,7dtl__A1_UNDEFINED--7dtl__B1_UNDEFINED,group1,2,fragile_correct,False,cluster_30356_30356,3,61,61,122,retain_complete_high_information_class,2780665927723199566
226,3rg2__A1_P10378--3rg2__B1_P10378,group3,2,fragile_correct,True,cluster_15618_15618,2,611,606,1217,retain_complete_high_information_class,2846376992025122486
227,2hn1__A1_O29472--2hn1__A2_O29472,group3,2,fragile_correct,True,cluster_6812_6812,0,246,246,492,retain_complete_high_information_class,2855713421015107882
228,3fn7__A1_Q99ZN4--3fn7__A2_Q99ZN4,group2,2,fragile_correct,True,cluster_11570_11570,4,177,177,354,retain_complete_high_information_class,2975007768407877756
229,6y75__A1_Q236S9--6y75__B1_Q236S9,group2,2,fragile_correct,True,cluster_9365_9365,1,153,150,303,retain_complete_high_information_class,3095884548700036737
230,5axg__B1_B0KBZ7--5axg__A1_B0KBZ7,group3,2,fragile_correct,True,cluster_6233_6233,3,584,583,1167,retain_complete_high_information_class,3587238468470686806
231,4hme__A1_B1VBB0--4hme__A2_B1VBB0,group3,2,fragile_correct,True,cluster_12661_12661,2,528,528,1056,retain_complete_high_information_class,3625802378532598257
232,4bjn__A1_Q2MV52--4bjn__B1_Q2MV52,group2,2,fragile_correct,True,cluster_32102_32102,0,222,219,441,retain_complete_high_information_class,3701895545265743925
233,2ynw__B1_Q704V1--2ynw__A1_Q704V1,group1,2,fragile_correct,True,cluster_1585_1585,4,219,217,436,retain_complete_high_information_class,3821158572649011644
234,1qqf__A1_P01026--1qqf__A2_P01026,group1,2,fragile_correct,True,cluster_174_174,1,276,276,552,retain_complete_high_information_class,3957398929531051602
235,6tgk__A1_Q05086--6tgk__A2_Q05086,group2,2,fragile_correct,True,cluster_18560_18560,3,105,105,210,retain_complete_high_information_class,3982868109680127084
236,1dov__A1_P26231--1dov__A2_P26231,group3,2,fragile_correct,True,cluster_23573_23573,2,181,181,362,retain_complete_high_information_class,4901490361500570768
237,1i7f__A1_P0A6Y5--1i7f__A2_P0A6Y5,group1,2,fragile_correct,True,cluster_16013_16013,0,223,223,446,retain_complete_high_information_class,5146261320785638030
238,6rj8__A1_A0A5B8X6B5--6rj8__A2_A0A5B8X6B5,group2,2,fragile_correct,True,cluster_247_247,4,316,316,632,retain_complete_high_information_class,5475843094554016465
239,3vcb__A1_P0C6X9--3vcb__B1_P0C6X9,group2,2,fragile_correct,True,cluster_13247_13247,1,89,89,178,retain_complete_high_information_class,5658340336946217626
240,5fnw__A1_M1AKE5--5fnw__A2_M1AKE5,group1,2,fragile_correct,True,cluster_11515_11515,3,185,185,370,retain_complete_high_information_class,5830939755750631515
241,1qxx__A1_P02929--1qxx__A2_P02929,group2,2,fragile_correct,True,cluster_2574_2574,2,76,76,152,retain_complete_high_information_class,6527222132868228997
242,5t5s__A1_P49588--5t5s__A2_P49588,group3,2,fragile_correct,True,cluster_10279_10279,0,207,207,414,retain_complete_high_information_class,6886062331857005436
243,2yq2__A1_Q01499--2yq2__B1_Q01499,group2,2,fragile_correct,True,cluster_8496_8496,4,332,330,662,retain_complete_high_information_class,6901301724301674630
244,6yyi__A1_B5YB78--6yyi__B1_B5YB78,group1,2,fragile_correct,True,cluster_7101_7101,1,502,502,1004,retain_complete_high_information_class,7670831507904225881
245,4nc4__A1_Q9FN03--4nc4__B1_Q9FN03,group1,2,fragile_correct,True,cluster_735_735,3,369,369,738,retain_complete_high_information_class,7693314075024809661
246,4rt0__A1_Q9HY69--4rt0__A2_Q9HY69,group2,2,fragile_correct,True,cluster_6884_6884,2,108,108,216,retain_complete_high_information_class,8212842611605516200
247,2j67__A1_Q9BXR5--2j67__B1_Q9BXR5,group3,2,fragile_correct,True,cluster_17154_17154,0,141,134,275,retain_complete_high_information_class,8235033393780191674
248,6z70__A1_O66528--6z70__B1_O66528,group1,2,fragile_correct,True,cluster_5291_5291,4,444,444,888,retain_complete_high_information_class,8303326869605049783
249,1exs__A1_P04119--1exs__A2_P04119,group1,2,fragile_correct,True,cluster_13713_13713,1,160,160,320,retain_complete_high_information_class,8473412899728026500
250,3ups__A1_Q5NLX3--3ups__A2_Q5NLX3,group3,2,fragile_correct,True,cluster_4549_4549,3,104,104,208,retain_complete_high_information_class,9033449775146622869
251,4mxe__A1_Q5FWF5--4mxe__B1_Q5FWF5,group2,2,fragile_correct,True,cluster_4519_4519,2,179,177,356,retain_complete_high_information_class,9509349967243356962
252,6o1t__A1_P79125--6o1t__B2_P79125,group3,2,fragile_correct,True,cluster_21060_21060,0,192,186,378,retain_complete_high_information_class,9809355521333863029
253,6y9m__D1_P36291--6y9m__A1_P36291,group1,2,fragile_correct,True,cluster_30369_30369,4,199,195,394,retain_complete_high_information_class,9931470244667921584
254,4k8w__A1_Q8RP52--4k8w__A2_Q8RP52,group1,2,fragile_correct,True,cluster_25270_25270,1,118,118,236,retain_complete_high_information_class,9956556953780210050
255,2ec2__A1_Q974H8--2ec2__C1_Q974H8,group2,2,fragile_correct,True,cluster_7236_7236,3,130,130,260,retain_complete_high_information_class,10125115844469591435
256,3u3q__A1_O75509--3u3q__A2_O75509,group3,2,fragile_correct,True,cluster_2284_2284,2,164,164,328,retain_complete_high_information_class,10126110741274450241
257,4wj0__A1_O58938--4wj0__B1_O58938,group2,2,fragile_correct,True,cluster_8423_8423,0,315,309,624,retain_complete_high_information_class,10414280289443279058
258,4nsr__A1_Q9KN41--4nsr__C1_Q9KN41,group1,2,fragile_correct,True,cluster_12780_12780,4,90,89,179,retain_complete_high_information_class,10573512032219121257
259,5bqb__A1_Q00604--5bqb__B1_Q00604,group3,2,fragile_correct,True,cluster_12151_12151,1,99,98,197,retain_complete_high_information_class,10709282332271464362
260,6njy__A1_F3ZXK6--6njy__B1_F3ZXK6,group1,2,fragile_correct,True,cluster_32919_32919,3,238,237,475,retain_complete_high_information_class,10798844706104005301
261,2cuy__A1_Q5SL77--2cuy__B1_Q5SL77,group2,2,fragile_correct,True,cluster_5433_5433,2,305,305,610,retain_complete_high_information_class,10804225023718373399
262,3thf__A1_A1Z9P3--3thf__B1_A1Z9P3,group2,2,fragile_correct,True,cluster_16856_16856,0,175,174,349,retain_complete_high_information_class,10831489377772672373
263,2zcm__B1_Q5HKQ1--2zcm__A1_Q5HKQ1,group1,2,fragile_correct,True,cluster_27764_27764,4,175,173,348,retain_complete_high_information_class,11531101769108686957
264,5cqs__A1_Q06706--5cqs__D1_Q06706,group2,2,fragile_correct,True,cluster_3357_3357,1,319,318,637,retain_complete_high_information_class,11570619057545469903
265,1na6__B1_P14633--1na6__A1_P14633,group3,2,fragile_correct,True,cluster_34614_34614,3,395,365,760,retain_complete_high_information_class,12243116212083159356
266,5min__B1_P13650--5min__A1_P13650,group2,2,fragile_correct,True,cluster_11757_11757,2,453,452,905,retain_complete_high_information_class,12396143616543637324
267,5ve6__A1_Q86YV5--5ve6__A2_Q86YV5,group2,2,fragile_correct,True,cluster_14661_14661,0,348,348,696,retain_complete_high_information_class,12767141866552190305
268,3nbf__A1_Q72GF3--3nbf__B1_Q72GF3,group1,2,fragile_correct,True,cluster_2584_2584,4,207,206,413,retain_complete_high_information_class,12865497098858811899
269,3teq__C1_Q13586--3teq__A1_Q13586,group1,2,fragile_correct,True,cluster_7573_7591,1,101,100,201,retain_complete_high_information_class,13393906190095701905
270,5kou__B1_Q82446--5kou__A1_Q82446,group3,2,fragile_correct,True,cluster_5587_5587,3,225,216,441,retain_complete_high_information_class,13484206031844060931
271,5y78__A1_B5AJT1--5y78__B1_B5AJT1,group3,2,fragile_correct,True,cluster_9354_9354,2,305,305,610,retain_complete_high_information_class,13632249145332619015
272,5l1m__A1_Q8WXE0--5l1m__A2_Q8WXE0,group3,2,fragile_correct,True,cluster_1165_1165,0,140,140,280,retain_complete_high_information_class,13760253557385782137
273,3e0y__A1_Q74E48--3e0y__B1_Q74E48,group1,2,fragile_correct,True,cluster_19628_19628,4,153,150,303,retain_complete_high_information_class,14140030499936862451
274,5gox__A1_Q92878--5gox__B1_Q92878,group3,2,fragile_correct,True,cluster_5233_5233,1,178,178,356,retain_complete_high_information_class,14418450376088880741
275,7ped__A1_Q8TB45--7ped__B1_Q8TB45,group3,2,fragile_correct,True,cluster_13785_13785,3,211,211,422,retain_complete_high_information_class,14850157870501919552
276,2yip__A1_P81860--2yip__B1_P81860,group3,2,fragile_correct,True,cluster_19081_19081,2,131,131,262,retain_complete_high_information_class,15059761723658940605
277,2qko__B1_Q0S912--2qko__A1_Q0S912,group3,2,fragile_correct,True,cluster_25603_25603,0,173,171,344,retain_complete_high_information_class,15268565789693213634
278,3cnu__A1_O28738--3cnu__A2_O28738,group3,2,fragile_correct,True,cluster_30889_30889,4,110,110,220,retain_complete_high_information_class,15283451932194032035
279,6lh6__A1_A0A1S2XQ25--6lh6__B1_A0A1S2XQ25,group1,2,fragile_correct,True,cluster_12897_12897,1,71,66,137,retain_complete_high_information_class,15293465755143932737
280,1nfp__A1_P09142--1nfp__A2_P09142,group3,2,fragile_correct,True,cluster_14051_14051,3,228,228,456,retain_complete_high_information_class,15466791513327061044
281,3x15__A1_O67504--3x15__C1_O67504,group3,2,fragile_correct,True,cluster_21566_21566,2,87,87,174,retain_complete_high_information_class,15514238311881091734
282,3x0e__A1_P60033--3x0e__B1_P60033,group2,2,fragile_correct,True,cluster_4192_4192,0,89,86,175,retain_complete_high_information_class,15597334753088616802
283,7bjn__A1_Q8IGY1--7bjn__B1_Q8IGY1,group1,2,fragile_correct,True,cluster_32093_32094,4,59,43,102,retain_complete_high_information_class,15756446857355911332
284,2xcu__A1_O66663--2xcu__C1_O66663,group1,2,fragile_correct,True,cluster_21682_21682,1,353,353,706,retain_complete_high_information_class,15951181587016759373
285,3evi__A1_Q8N4E4--3evi__B1_Q8N4E4,group2,2,fragile_correct,True,cluster_621_9056,3,118,118,236,retain_complete_high_information_class,16042207009527746620
286,6otn__A1_P06753--6otn__B1_P06753,group1,2,fragile_correct,True,cluster_20078_2127,2,69,67,136,retain_complete_high_information_class,16124818318516103167
287,1t6l__A1_P16790--1t6l__A2_P16790,group3,2,fragile_correct,True,cluster_17184_17184,0,249,249,498,retain_complete_high_information_class,16528430932104044795
288,6hlk__A1_A0A5H1ZR32--6hlk__A2_A0A5H1ZR32,group3,2,fragile_correct,True,cluster_18876_18876,4,127,127,254,retain_complete_high_information_class,16926658759381370676
289,4bou__A1_Q5T2D3--4bou__A2_Q5T2D3,group3,2,fragile_correct,True,cluster_12050_12050,1,141,141,282,retain_complete_high_information_class,17241076575383826055
290,4g2u__A1_Q8T8F4--4g2u__B1_Q8T8F4,group1,2,fragile_correct,True,cluster_19720_19720,3,210,210,420,retain_complete_high_information_class,17243728036311467270
291,1k51__A1_Q51912--1k51__A2_Q51912,group3,2,fragile_correct,True,cluster_7436_7436,2,72,72,144,retain_complete_high_information_class,17591754639918672697
292,1aor__A1_Q51739--1aor__B1_Q51739,group3,2,fragile_correct,True,cluster_7771_7771,0,605,605,1210,retain_complete_high_information_class,17893896201359275077
293,2o96__B1_P51665--2o96__A1_P51665,group1,2,fragile_correct,True,cluster_1446_1446,4,161,158,319,retain_complete_high_information_class,18102363502251270775
294,2ypr__A1_Q99581--2ypr__B1_Q99581,group3,2,fragile_correct,True,cluster_2670_2670,1,96,92,188,retain_complete_high_information_class,18325203821564109929
295,6n85__A1_Q5E9J8--6n85__B1_P0AEX9,group3,3,rerank_rescuable,False,cluster_24627_409,3,403,393,796,retain_complete_high_information_class,3180518195010271588
296,6pog__B1_Q99435--6pog__A1_Q96MS0,feasibility50,3,rerank_rescuable,False,cluster_1605_19014,1,236,101,337,existing_multiseed_anchor,3988342018888721111
297,3ph0__A1_Q1EHA4--3ph0__B1_Q1EHA2,group1,3,rerank_rescuable,False,cluster_19020_21028,0,60,53,113,retain_complete_high_information_class,13551073089565847295
298,4iu2__B1_A0AEF5--4iu2__A1_A0AEF6,feasibility50,3,rerank_rescuable,False,cluster_31952_5701,2,237,205,442,existing_multiseed_anchor,15157210533656418675
299,2wwx__B1_Q5ZSQ3--2wwx__A1_P62820,group3,3,rerank_rescuable,False,cluster_437_5118,4,200,170,370,retain_complete_high_information_class,16789650412652131194
300,7ouv__A1_Q14315--7ouv__B1_Q14315,group2,3,rerank_rescuable,True,cluster_6310_6310,2,204,202,406,retain_complete_high_information_class,35386376648571980
301,7cnv__A1_A0B757--7cnv__B1_A0B757,group3,3,rerank_rescuable,True,cluster_3885_3885,3,132,127,259,retain_complete_high_information_class,141195773712287231
302,7jre__A1_Q68T42--7jre__B1_Q68T42,group1,3,rerank_rescuable,True,cluster_14310_14310,1,138,137,275,retain_complete_high_information_class,914893760620122925
303,2r9a__A1_Q9H9Q4--2r9a__B1_Q9H9Q4,group2,3,rerank_rescuable,True,cluster_63_63,4,210,205,415,retain_complete_high_information_class,921288984234741118
304,6wmk__A1_UNDEFINED--6wmk__B1_UNDEFINED,group1,3,rerank_rescuable,False,cluster_4472_4472,0,65,64,129,retain_complete_high_information_class,1115497586543914656
305,3toj__B1_Q9UBL3--3toj__A1_Q9UBL3,group2,3,rerank_rescuable,True,cluster_7096_7096,2,197,196,393,retain_complete_high_information_class,1308668184279425473
306,2xgg__B1_UNDEFINED--2xgg__A1_UNDEFINED,group2,3,rerank_rescuable,False,cluster_22085_22085,3,148,147,295,retain_complete_high_information_class,1807167053856838282
307,4n1k__B1_Q86W24--4n1k__A1_Q86W24,group1,3,rerank_rescuable,True,cluster_19179_19179,1,92,88,180,retain_complete_high_information_class,1986514312367626885
308,4pxj__B1_Q9UPT6--4pxj__A1_Q9UPT6,group1,3,rerank_rescuable,True,cluster_15665_15666,4,57,56,113,retain_complete_high_information_class,2127349548097105028
309,5h1p__A1_D2UG58--5h1p__B1_D2UG58,group3,3,rerank_rescuable,True,cluster_2899_2899,0,86,83,169,retain_complete_high_information_class,2605107486582317681
310,4puh__A1_Q9FIC3--4puh__B1_Q9FIC3,group3,3,rerank_rescuable,True,cluster_11399_11399,2,81,81,162,retain_complete_high_information_class,2700410781447475389
311,2c08__A1_O35179--2c08__A2_O35179,group3,3,rerank_rescuable,True,cluster_7172_7172,3,196,196,392,retain_complete_high_information_class,3446260055952980003
312,4emo__D1_Q9H0F6--4emo__A1_Q9H0F6,group3,3,rerank_rescuable,True,cluster_25088_25088,1,103,102,205,retain_complete_high_information_class,4011006673348644758
313,4ayn__A1_C6KHT4--4ayn__B1_C6KHT4,group3,3,rerank_rescuable,True,cluster_3949_3949,4,125,119,244,retain_complete_high_information_class,4285450902596906828
314,2x5f__A1_UNDEFINED--2x5f__B1_UNDEFINED,group3,3,rerank_rescuable,False,cluster_32608_32608,0,428,428,856,retain_complete_high_information_class,4738753301833103904
315,1tj7__A1_P11447--1tj7__B1_P11447,group2,3,rerank_rescuable,True,cluster_10129_10129,2,455,451,906,retain_complete_high_information_class,4924228416178966077
316,6jtz__A1_P46063--6jtz__B1_P46063,group3,3,rerank_rescuable,True,cluster_7908_7908,3,303,301,604,retain_complete_high_information_class,5137256355194154979
317,2w2d__A1_P0DPI1--2w2d__B1_P0DPI1,group3,3,rerank_rescuable,True,cluster_1202_3751,1,437,424,861,retain_complete_high_information_class,5185388484989751650
318,3lf6__B1_UNDEFINED--3lf6__A1_UNDEFINED,group1,3,rerank_rescuable,False,cluster_8463_8463,4,157,154,311,retain_complete_high_information_class,5743353049058560808
319,4fup__A1_Q5HKE8--4fup__A2_Q5HKE8,group3,3,rerank_rescuable,True,cluster_4922_4922,0,199,199,398,retain_complete_high_information_class,5946032829095392824
320,4ghw__A1_O59952--4ghw__B1_O59952,group3,3,rerank_rescuable,True,cluster_2488_2488,2,269,269,538,retain_complete_high_information_class,6469782369769223667
321,3sy3__A1_A0A6L8P3N5--3sy3__B1_A0A6L8P3N5,group2,3,rerank_rescuable,True,cluster_26087_26087,3,170,169,339,retain_complete_high_information_class,7066633559517271684
322,3h8i__A1_Q7ZAG8--3h8i__B1_Q7ZAG8,group2,3,rerank_rescuable,True,cluster_21260_21260,1,356,356,712,retain_complete_high_information_class,7986343874449575991
323,1bl4__A1_P62942--1bl4__B1_P62942,group3,3,rerank_rescuable,True,cluster_1772_1772,4,107,107,214,retain_complete_high_information_class,8500077242284374509
324,4jnh__B1_P14349--4jnh__A1_P14349,group1,3,rerank_rescuable,True,cluster_21357_21357,0,167,165,332,retain_complete_high_information_class,9134214279006695480
325,2huk__A1_P00720--2huk__A2_P00720,group2,3,rerank_rescuable,True,cluster_10426_10426,2,164,164,328,retain_complete_high_information_class,9160520707987869706
326,5wee__A1_A0A183GMB4--5wee__B1_A0A183GMB4,group3,3,rerank_rescuable,True,cluster_10317_10317,3,188,187,375,retain_complete_high_information_class,9170090048351335258
327,6r2f__A1_Q9BXU0--6r2f__B1_Q9BXU0,group2,3,rerank_rescuable,True,cluster_3464_3464,1,64,64,128,retain_complete_high_information_class,9250993707510098329
328,5k7b__B1_A8MW95--5k7b__A1_A8MW95,group3,3,rerank_rescuable,True,cluster_22793_22794,4,91,87,178,retain_complete_high_information_class,9531590806242741221
329,2a3l__A1_O80452--2a3l__A2_O80452,group2,3,rerank_rescuable,True,cluster_26625_26625,0,616,616,1232,retain_complete_high_information_class,9997422341115421916
330,3a7m__B1_P0A1N2--3a7m__A1_P0A1N2,group3,3,rerank_rescuable,True,cluster_12898_12898,2,114,112,226,retain_complete_high_information_class,10186772846129200522
331,2xf1__A1_Q8I467--2xf1__A2_Q8I467,group1,3,rerank_rescuable,True,cluster_20841_20841,3,122,122,244,retain_complete_high_information_class,10362908896679314346
332,3n7e__A1_Q58AD3--3n7e__B1_Q58AD3,group2,3,rerank_rescuable,True,cluster_13349_13349,1,59,59,118,retain_complete_high_information_class,10453799941971477624
333,6kos__A1_UNDEFINED--6kos__B1_UNDEFINED,group2,3,rerank_rescuable,False,cluster_17359_17359,4,101,97,198,retain_complete_high_information_class,10636445784169273863
334,5e4b__A1_A0A1C9V3S9--5e4b__B1_A0A1C9V3S9,group3,3,rerank_rescuable,True,cluster_19820_19820,0,176,176,352,retain_complete_high_information_class,10768860657734054875
335,3f2u__A1_P83916--3f2u__A2_P83916,group3,3,rerank_rescuable,True,cluster_2836_2836,2,51,51,102,retain_complete_high_information_class,10850927600773969970
336,6kwz__A1_Q94707--6kwz__B2_Q94707,group3,3,rerank_rescuable,True,cluster_14908_14908,3,98,98,196,retain_complete_high_information_class,11129942046117651242
337,6xb4__A1_V9XTR0--6xb4__B1_V9XTR0,group3,3,rerank_rescuable,True,cluster_37559_37559,1,199,191,390,retain_complete_high_information_class,11246350648210057428
338,3ctv__A1_O28011--3ctv__A2_O28011,group3,3,rerank_rescuable,True,cluster_941_941,4,90,90,180,retain_complete_high_information_class,11731662153100368085
339,1smx__A1_P21513--1smx__B1_P21513,group2,3,rerank_rescuable,True,cluster_20921_20921,0,87,81,168,retain_complete_high_information_class,12103700094012705680
340,6ejv__A1_Q65J43--6ejv__B1_Q65J43,group1,3,rerank_rescuable,True,cluster_16316_16316,2,109,109,218,retain_complete_high_information_class,12270296123530845001
341,4r5k__B1_P0A6Y8--4r5k__A1_P0A6Y8,group1,3,rerank_rescuable,True,cluster_8948_8948,3,223,221,444,retain_complete_high_information_class,12376771538497529664
342,4qhj__A1_Q58610--4qhj__B1_Q58610,group2,3,rerank_rescuable,True,cluster_12571_12571,1,108,108,216,retain_complete_high_information_class,12511761002744995406
343,4aj7__A1_B1PWB9--4aj7__B1_B1PWB9,group3,3,rerank_rescuable,True,cluster_621_621,4,105,105,210,retain_complete_high_information_class,12529536867823197518
344,7e2m__A1_Q9P2K8--7e2m__B1_Q9P2K8,group1,3,rerank_rescuable,True,cluster_12935_12935,0,130,129,259,retain_complete_high_information_class,12542019910040031565
345,2yx8__A1_O60894--2yx8__A2_O60894,group3,3,rerank_rescuable,True,cluster_12555_12555,2,79,79,158,retain_complete_high_information_class,12603903561207121331
346,3d0t__D1_Q91YN9--3d0t__C1_Q91YN9,group1,3,rerank_rescuable,True,cluster_2962_2962,3,78,76,154,retain_complete_high_information_class,13244657207548109960
347,3zyl__A1_O55012--3zyl__B1_O55012,group3,3,rerank_rescuable,True,cluster_678_678,1,260,247,507,retain_complete_high_information_class,13306041273267066712
348,4fmm__B1_P53860--4fmm__A1_P53860,group2,3,rerank_rescuable,True,cluster_7295_7295,4,325,324,649,retain_complete_high_information_class,13339605929954500424
349,2r1f__A1_P28306--2r1f__B1_P28306,group3,3,rerank_rescuable,True,cluster_29114_29114,0,252,252,504,retain_complete_high_information_class,14891363960481075223
350,6ubo__A1_P0A901--6ubo__B1_P0A901,group1,3,rerank_rescuable,True,cluster_5260_5260,2,159,159,318,retain_complete_high_information_class,15191758124454567690
351,5ltu__B1_Q9NZJ9--5ltu__A1_Q9NZJ9,group3,3,rerank_rescuable,True,cluster_35233_35233,3,130,127,257,retain_complete_high_information_class,16040635245320552260
352,5evk__A1_P52700--5evk__A2_P52700,group3,3,rerank_rescuable,True,cluster_4140_4140,1,266,266,532,retain_complete_high_information_class,16136362681072674483
353,3b42__B1_Q74EM7--3b42__A1_Q74EM7,group1,3,rerank_rescuable,True,cluster_29268_29268,4,129,126,255,retain_complete_high_information_class,16139457053439718552
354,6eho__A1_Q99523--6eho__A2_Q99523,group3,3,rerank_rescuable,True,cluster_15714_15714,0,642,642,1284,retain_complete_high_information_class,17208088304788349621
355,4u3q__B1_P29722--4u3q__A1_P29722,group2,3,rerank_rescuable,True,cluster_10856_10856,2,99,93,192,retain_complete_high_information_class,17461634399902987374
356,3v69__A1_Q9CWU5--3v69__B1_Q9CWU5,group1,3,rerank_rescuable,True,cluster_15017_15017,3,116,112,228,retain_complete_high_information_class,17636821251207504326
357,2gd9__A1_P37508--2gd9__B1_P37508,group2,3,rerank_rescuable,True,cluster_26569_26569,1,173,167,340,retain_complete_high_information_class,18189542298404902367
358,6aqe__B1_Q9RY20--6aqe__A1_Q9RY20,group2,3,rerank_rescuable,True,cluster_6716_6716,4,266,265,531,retain_complete_high_information_class,18217364225926016562
359,4o4o__A1_Q8YLF9--4o4o__B1_Q8YLF9,group3,3,rerank_rescuable,True,cluster_6827_6827,0,192,192,384,retain_complete_high_information_class,18358134787901004254
360,2gsk__A1_P06129--2gsk__B1_P02929,group1,4,ordinary_sampling_failure,False,cluster_7863_8897,3,590,81,671,retain_all_different_uniprot_failures,2965801865080120891
361,4u0q__A1_B2L3N7--4u0q__B1_P35613,group3,4,ordinary_sampling_failure,False,cluster_1479_8901,2,286,181,467,retain_all_different_uniprot_failures,3656637343064877569
362,1f8u__A1_P22303--1f8u__B1_P0C1Z0,group2,4,ordinary_sampling_failure,False,cluster_1356_961,4,531,61,592,retain_all_different_uniprot_failures,4237134792171375124
363,5xec__B1_P15452--5xec__A1_P00099,group1,4,ordinary_sampling_failure,False,cluster_7420_7420,1,82,80,162,retain_all_different_uniprot_failures,4497928521768512423
364,3mca__A1_O74774--3mca__B1_Q9USL5,group2,4,ordinary_sampling_failure,False,cluster_841_8517,0,377,341,718,retain_all_different_uniprot_failures,4988098472233753589
365,5doi__A1_D2CVN7--5doi__E1_Q6JXI5,group1,4,ordinary_sampling_failure,False,cluster_23702_23703,3,153,93,246,retain_all_different_uniprot_failures,5547947536658692838
366,6ob5__A1_P0AEX9--6ob5__D1_UNDEFINED,group3,4,ordinary_sampling_failure,False,cluster_409_583,2,364,151,515,retain_all_different_uniprot_failures,5625260042524000474
367,1t6b__A1_P13423--1t6b__B1_P58335,group2,4,ordinary_sampling_failure,False,cluster_10723_2759,4,676,170,846,retain_all_different_uniprot_failures,7167437028923223800
368,1hni__A1_P03366--1hni__B1_P03367,group3,4,ordinary_sampling_failure,False,cluster_23_23,1,558,427,985,retain_all_different_uniprot_failures,8153734611191467791
369,3wry__C1_P03587--3wry__A1_A7M6E7,group3,4,ordinary_sampling_failure,False,cluster_11887_11889,0,434,415,849,retain_all_different_uniprot_failures,8655334156202531541
370,6k3b__A1_Q5ZTL4--6k3b__B1_Q5ZTL2,group1,4,ordinary_sampling_failure,False,cluster_10515_1409,3,375,106,481,retain_all_different_uniprot_failures,9554545693373140375
371,5b2g__A1_O14493--5b2g__B1_P01558,group1,4,ordinary_sampling_failure,False,cluster_3768_3769,2,332,116,448,retain_all_different_uniprot_failures,13008965920049030932
372,6jh0__D1_UNDEFINED--6jh0__A1_P03502,group3,4,ordinary_sampling_failure,False,cluster_415_5054,4,153,94,247,retain_all_different_uniprot_failures,13422206741950264503
373,4luq__A1_Q9HYC5--4luq__C1_Q9HYC4,feasibility50,4,ordinary_sampling_failure,False,cluster_8139_8140,1,409,123,532,existing_multiseed_anchor,14246104568324617553
374,4dri__A1_Q13451--4dri__B1_P42345,group3,4,ordinary_sampling_failure,False,cluster_15457_1772,0,121,96,217,retain_all_different_uniprot_failures,14527899167322106393
375,4yxc__A1_P00720--4yxc__B1_P26419,feasibility50,4,ordinary_sampling_failure,False,cluster_10426_2425,3,182,167,349,existing_multiseed_anchor,14529593099352294044
376,5uzu__B1_P05164--5uzu__A1_Q2G0X2,group1,4,ordinary_sampling_failure,False,cluster_2033_2140,2,577,68,645,retain_all_different_uniprot_failures,15085413487174134339
377,3u73__A1_Q03405--3u73__B1_P00749,feasibility50,4,ordinary_sampling_failure,False,cluster_11321_3018,4,269,123,392,existing_multiseed_anchor,15448120278621550850
378,7pq0__B1_P60842--7pq0__A1_Q63UP7,group3,4,ordinary_sampling_failure,False,cluster_19221_949,1,385,210,595,retain_all_different_uniprot_failures,16169314388597565771
379,6u7f__A1_P15144--6u7f__C1_Q1HVL3,group2,4,ordinary_sampling_failure,False,cluster_2860_7049,0,897,96,993,retain_all_different_uniprot_failures,16248726259883217813
380,6s9j__A1_Q8AZ57--6s9j__B1_A0A060BIS8,group3,4,ordinary_sampling_failure,False,cluster_16268_2934,3,155,151,306,retain_all_different_uniprot_failures,16582379312663595822
381,6apx__A1_P0AEX9--6apx__B1_UNDEFINED,group2,4,ordinary_sampling_failure,False,cluster_1605_409,2,510,92,602,retain_all_different_uniprot_failures,16960008063299306650
382,2qpv__A1_Q7CZ16--2qpv__B1_Q7CZ16,group3,4,ordinary_sampling_failure,True,cluster_10880_10880,0,128,128,256,confident_or_consistent_wrong,127787245872453986
383,4muc__B1_Q03591--4muc__A1_Q03591,group1,4,ordinary_sampling_failure,True,cluster_175_175,4,125,123,248,near_threshold_sampling_failure,243539131786184046
384,1k72__B1_P37700--1k72__A1_P37700,group2,4,ordinary_sampling_failure,True,cluster_17864_17864,1,612,611,1223,maximin_feature_diversity,283272025253256296
385,3hkl__B1_Q62838--3hkl__A1_Q62838,group3,4,ordinary_sampling_failure,True,cluster_15360_15360,3,153,141,294,maximin_feature_diversity,287592472607978962
386,7a5c__A1_Q9KR64--7a5c__B1_Q9KR64,group3,4,ordinary_sampling_failure,True,cluster_6414_6414,2,314,314,628,maximin_feature_diversity,510636030864707165
387,2uxe__A1_Q49PX0--2uxe__C1_Q49PX0,group2,4,ordinary_sampling_failure,True,cluster_6767_6767,0,108,108,216,maximin_feature_diversity,528449599743771867
388,2j6g__A1_Q6T3W5--2j6g__A2_Q6T3W5,group3,4,ordinary_sampling_failure,True,cluster_10309_10309,4,260,260,520,maximin_feature_diversity,555145913765404416
389,4o6i__B1_P09992--4o6i__A1_P09992,group3,4,ordinary_sampling_failure,True,cluster_4529_4529,1,204,202,406,maximin_feature_diversity,1117229287372023246
390,3nk4__A1_P79762--3nk4__B1_P79762,group2,4,ordinary_sampling_failure,True,cluster_19280_19280,3,277,268,545,maximin_feature_diversity,1176143258698744366
391,4n6j__A1_Q13033--4n6j__B1_Q13033,group2,4,ordinary_sampling_failure,True,cluster_27221_27222,2,45,43,88,maximin_feature_diversity,1248200138251435580
392,1pfo__A1_P0C2E9--1pfo__A2_P0C2E9,group3,4,ordinary_sampling_failure,True,cluster_2850_2850,0,471,471,942,maximin_feature_diversity,1415077859813837536
393,1yt5__A1_Q9X255--1yt5__D1_Q9X255,group2,4,ordinary_sampling_failure,True,cluster_445_445,4,256,256,512,maximin_feature_diversity,1641939684155681029
394,1qb3__B1_P20486--1qb3__A1_P20486,group1,4,ordinary_sampling_failure,True,cluster_3208_3208,1,119,113,232,maximin_feature_diversity,1755838329678641831
395,4oak__A1_Q9JN36--4oak__B1_Q9JN36,group2,4,ordinary_sampling_failure,True,cluster_1454_1454,3,190,190,380,maximin_feature_diversity,1760154453114099425
396,1fd3__A1_O15263--1fd3__C1_O15263,group2,4,ordinary_sampling_failure,True,cluster_6709_6709,2,41,40,81,maximin_feature_diversity,1807045274797193749
397,3ct4__A1_Q9CIV8--3ct4__A2_Q9CIV8,group2,4,ordinary_sampling_failure,True,cluster_3917_3917,0,318,318,636,confident_or_consistent_wrong,1832374222641749609
398,6ra9__B1_Q71V39--6ra9__A1_Q71V39,group2,4,ordinary_sampling_failure,True,cluster_841_841,4,457,448,905,maximin_feature_diversity,2019312576972904280
399,1s4k__A1_Q8ZPR1--1s4k__B1_Q8ZPR1,group3,4,ordinary_sampling_failure,True,cluster_14320_14320,1,115,115,230,maximin_feature_diversity,2173857154777733145
400,5d7q__A1_Q8IXJ6--5d7q__B1_Q8IXJ6,group3,4,ordinary_sampling_failure,True,cluster_427_427,3,301,300,601,maximin_feature_diversity,2423614160681020513
401,3ezu__A1_Q74FR4--3ezu__A2_Q74FR4,group2,4,ordinary_sampling_failure,True,cluster_14369_14369,2,329,329,658,maximin_feature_diversity,3031785592769965191
402,4r6i__A1_Q44636--4r6i__B1_Q44636,group1,4,ordinary_sampling_failure,True,cluster_29912_29912,0,463,439,902,maximin_feature_diversity,3052330728791515872
403,6pyk__A1_P16466--6pyk__A2_P16466,group3,4,ordinary_sampling_failure,True,cluster_8769_8769,4,241,241,482,near_threshold_sampling_failure,3066569615346542314
404,7v3k__A1_A3TMR7--7v3k__D1_A3TMR7,group2,4,ordinary_sampling_failure,True,cluster_32707_32707,1,293,293,586,near_threshold_sampling_failure,3312559607043285474
405,1gri__A1_P62993--1gri__B1_P62993,group3,4,ordinary_sampling_failure,True,cluster_12642_12642,3,211,211,422,maximin_feature_diversity,3334718235970000313
406,7f7j__B1_A0A5J6VLZ7--7f7j__A2_A0A5J6VLZ7,group3,4,ordinary_sampling_failure,True,cluster_3581_3581,2,306,301,607,maximin_feature_diversity,3561352741632774969
407,6koi__B1_Q9Y5W9--6koi__A1_Q9Y5W9,group2,4,ordinary_sampling_failure,True,cluster_4555_4555,0,138,124,262,maximin_feature_diversity,3659238690214714835
408,6e8a__A1_Q7CPJ3--6e8a__A2_Q7CPJ3,group1,4,ordinary_sampling_failure,True,cluster_33779_33779,4,148,148,296,maximin_feature_diversity,4211084362315354934
409,3ffm__A1_O95257--3ffm__A2_O95257,group1,4,ordinary_sampling_failure,True,cluster_2251_2251,1,145,145,290,maximin_feature_diversity,4249731079939091515
410,5b1q__A1_Q9WT50--5b1q__B1_Q9WT50,group2,4,ordinary_sampling_failure,True,cluster_12121_12121,3,448,448,896,near_threshold_sampling_failure,4685043407551546791
411,2h46__A1_P62993--2h46__A2_P62993,group2,4,ordinary_sampling_failure,True,cluster_1465_1465,2,98,98,196,maximin_feature_diversity,4888565514261322105
412,6sqj__A1_Q04245--6sqj__B1_Q04245,group1,4,ordinary_sampling_failure,True,cluster_17914_17914,0,236,236,472,maximin_feature_diversity,4951434048997324540
413,2oo9__A1_P22681--2oo9__B1_P22681,group3,4,ordinary_sampling_failure,True,cluster_23665_23665,4,44,42,86,near_threshold_sampling_failure,5163398749440478295
414,4o96__A1_Q8XAL6--4o96__B1_Q8XAL6,group2,4,ordinary_sampling_failure,True,cluster_26783_26783,1,163,163,326,maximin_feature_diversity,5406616830991639703
415,2wuz__A1_Q7Z1V1--2wuz__B1_Q7Z1V1,group1,4,ordinary_sampling_failure,True,cluster_3114_3114,3,444,444,888,maximin_feature_diversity,5449278376417122075
416,3o47__A1_P84077--3o47__A2_P84077,group1,4,ordinary_sampling_failure,True,cluster_6852_6852,2,289,289,578,maximin_feature_diversity,5509042649642331192
417,6ust__A1_A0A174CV66--6ust__D2_A0A174CV66,group3,4,ordinary_sampling_failure,True,cluster_506_506,0,463,462,925,maximin_feature_diversity,5621845026848141354
418,4a1f__A1_O25916--4a1f__B1_O25916,group1,4,ordinary_sampling_failure,True,cluster_2604_2604,4,323,307,630,maximin_feature_diversity,5718580474278418773
419,1boy__A1_P13726--1boy__A2_P13726,group2,4,ordinary_sampling_failure,True,cluster_2666_2666,1,211,211,422,maximin_feature_diversity,5791616520129947919
420,2xuv__B1_P0AET2--2xuv__A1_P0AET2,group1,4,ordinary_sampling_failure,True,cluster_13957_13957,3,63,61,124,maximin_feature_diversity,6081578571126748620
421,6k7c__A1_D4ZE39--6k7c__B1_D4ZE39,group3,4,ordinary_sampling_failure,True,cluster_12811_12811,2,76,76,152,maximin_feature_diversity,6155378051914282753
422,7e5m__A1_P09758--7e5m__B2_P09758,group2,4,ordinary_sampling_failure,True,cluster_5056_5056,0,236,236,472,maximin_feature_diversity,6232611397611169896
423,2h1e__A1_P32657--2h1e__B1_P32657,group2,4,ordinary_sampling_failure,True,cluster_2892_2892,4,166,163,329,maximin_feature_diversity,6270634021442714596
424,5gko__A1_A0A0D8G707--5gko__B1_A0A0D8G707,group2,4,ordinary_sampling_failure,True,cluster_5250_5250,1,630,630,1260,maximin_feature_diversity,6630233293929836270
425,2gbo__A1_Q831P3--2gbo__B1_Q831P3,group2,4,ordinary_sampling_failure,True,cluster_16443_16443,3,79,79,158,near_threshold_sampling_failure,6716925075143515705
426,6tp8__A1_P41365--6tp8__B1_P41365,group3,4,ordinary_sampling_failure,True,cluster_3081_3081,2,317,317,634,maximin_feature_diversity,6921404646282749021
427,6nf3__B2_P02654--6nf3__A1_P02654,group1,4,ordinary_sampling_failure,True,cluster_14047_14048,0,51,46,97,maximin_feature_diversity,7177739587293233671
428,5hpg__A1_P00747--5hpg__B1_P00747,group1,4,ordinary_sampling_failure,True,cluster_2055_2055,4,84,84,168,maximin_feature_diversity,7238799904028025380
429,2wk4__B1_Q69014--2wk4__A1_Q69014,group3,4,ordinary_sampling_failure,True,cluster_4097_4097,1,502,499,1001,maximin_feature_diversity,7395718548594579186
430,6ra0__A1_Q9XUJ7--6ra0__A2_Q9XUJ7,group1,4,ordinary_sampling_failure,True,cluster_23538_23538,3,138,138,276,maximin_feature_diversity,7755735079407458691
431,3i26__A1_P0C0V9--3i26__B1_P0C0V9,group2,4,ordinary_sampling_failure,True,cluster_12470_12470,2,365,364,729,maximin_feature_diversity,7788470152089908524
432,4hj1__A1_P03518--4hj1__B1_P03518,group2,4,ordinary_sampling_failure,True,cluster_18310_18310,0,431,427,858,maximin_feature_diversity,7926011504593484427
433,3njc__A1_P42955--3njc__B1_P42955,group2,4,ordinary_sampling_failure,True,cluster_32953_32953,4,146,140,286,near_threshold_sampling_failure,7931689036362735045
434,7oxl__A1_Q9NWM0--7oxl__A2_Q9NWM0,group2,4,ordinary_sampling_failure,True,cluster_8295_8295,1,442,442,884,maximin_feature_diversity,8399918540772761308
435,6xj5__A1_P06621--6xj5__B1_P06621,group2,4,ordinary_sampling_failure,True,cluster_5013_5013,3,389,388,777,confident_or_consistent_wrong,8440092274628590556
436,2j68__A1_B2IZD3--2j68__A2_B2IZD3,group3,4,ordinary_sampling_failure,True,cluster_17155_17155,2,680,680,1360,near_threshold_sampling_failure,8447695942594079473
437,6jzf__A1_Q8VY16--6jzf__B1_Q8VY16,group2,4,ordinary_sampling_failure,True,cluster_11704_11704,0,153,148,301,maximin_feature_diversity,8593509203263058618
438,2fzt__B1_Q9WZF7--2fzt__A1_Q9WZF7,group1,4,ordinary_sampling_failure,True,cluster_18012_18012,4,77,76,153,near_threshold_sampling_failure,8701818808063894580
439,4kk1__A1_Q09778--4kk1__B1_Q09778,group2,4,ordinary_sampling_failure,True,cluster_25066_25066,1,397,386,783,maximin_feature_diversity,8771889668761118713
440,4zb3__A1_Q9SU14--4zb3__A2_Q9SU14,group1,4,ordinary_sampling_failure,True,cluster_21516_21516,3,262,262,524,near_threshold_sampling_failure,8952744501989867528
441,2xr7__A1_Q589Y0--2xr7__A2_Q589Y0,group1,4,ordinary_sampling_failure,True,cluster_18218_18218,2,440,440,880,maximin_feature_diversity,9045703370535147480
442,4n1j__B1_Q86W24--4n1j__A1_Q86W24,group3,4,ordinary_sampling_failure,True,cluster_19179_774,0,91,88,179,near_threshold_sampling_failure,9268962451799034292
443,3ua3__A1_P46580--3ua3__B1_P46580,group2,4,ordinary_sampling_failure,True,cluster_4512_4512,4,648,637,1285,maximin_feature_diversity,9584707211628443624
444,3dsl__A1_O93523--3dsl__B1_O93523,group2,4,ordinary_sampling_failure,True,cluster_4648_4648,1,416,412,828,maximin_feature_diversity,9585806229803797260
445,1rk4__A1_O00299--1rk4__B1_O00299,group3,4,ordinary_sampling_failure,True,cluster_5586_5586,3,213,206,419,maximin_feature_diversity,9883324747679128612
446,1ny5__B1_O67198--1ny5__A1_O67198,group3,4,ordinary_sampling_failure,True,cluster_6649_6649,2,385,384,769,maximin_feature_diversity,10042805760586056756
447,4l4x__A1_Q93NX9--4l4x__A2_Q93NX9,group2,4,ordinary_sampling_failure,True,cluster_18672_18672,0,503,503,1006,maximin_feature_diversity,10569316957023815399
448,6qpk__B1_A0A2H1G421--6qpk__A1_A0A2H1G421,group3,4,ordinary_sampling_failure,True,cluster_10859_10859,4,79,77,156,maximin_feature_diversity,10643020552841106321
449,1zop__A1_P20701--1zop__B1_P20701,group1,4,ordinary_sampling_failure,True,cluster_1701_1701,1,183,183,366,maximin_feature_diversity,10850865045521679940
450,4lrq__C1_A0A0H3ALA8--4lrq__A1_A0A0H3ALA8,group2,4,ordinary_sampling_failure,True,cluster_2754_2754,3,149,148,297,near_threshold_sampling_failure,11054472518481123820
451,2r7a__A1_O70018--2r7a__C1_O70018,group3,4,ordinary_sampling_failure,True,cluster_9856_9856,2,255,255,510,maximin_feature_diversity,11136323983561135835
452,6dkk__B1_P0DPI0--6dkk__A1_P0DPI0,group3,4,ordinary_sampling_failure,True,cluster_16905_16905,0,326,313,639,maximin_feature_diversity,11159962588003520475
453,4oyu__B1_Q99PV3--4oyu__A1_Q99PV3,group2,4,ordinary_sampling_failure,True,cluster_17347_17347,4,179,178,357,maximin_feature_diversity,11182704443010299313
454,1e5s__A1_O09345--1e5s__B2_O09345,group2,4,ordinary_sampling_failure,True,cluster_5052_5052,1,260,243,503,maximin_feature_diversity,11442160401344612309
455,7k5n__A1_A0A3S5WQC2--7k5n__A2_A0A3S5WQC2,group1,4,ordinary_sampling_failure,True,cluster_17249_17249,3,237,237,474,maximin_feature_diversity,11563559899301656459
456,4ndj__A1_U6GSR1--4ndj__A2_U6GSR1,group3,4,ordinary_sampling_failure,True,cluster_10044_10044,2,279,279,558,maximin_feature_diversity,11613022354366097170
457,2z1b__A1_P10518--2z1b__A2_P10518,group2,4,ordinary_sampling_failure,True,cluster_4190_4190,0,290,290,580,maximin_feature_diversity,11631352395258173513
458,1gmg__A1_P03051--1gmg__A2_P03051,group3,4,ordinary_sampling_failure,True,cluster_2555_2555,4,56,56,112,maximin_feature_diversity,11796416013710563922
459,2yor__A1_B9W4V6--2yor__B1_B9W4V6,group2,4,ordinary_sampling_failure,True,cluster_3997_3997,1,324,324,648,maximin_feature_diversity,11929200961223227544
460,4wpd__A1_Q55080--4wpd__B1_Q55080,group1,4,ordinary_sampling_failure,True,cluster_10086_10086,3,367,367,734,maximin_feature_diversity,12145864921982014614
461,4z86__A1_Q9KQ21--4z86__B1_Q9KQ21,group2,4,ordinary_sampling_failure,True,cluster_7432_7432,2,195,195,390,maximin_feature_diversity,12148092206489184349
462,6ki2__A1_Q55415--6ki2__B1_Q55415,group3,4,ordinary_sampling_failure,True,cluster_12993_12993,0,144,144,288,near_threshold_sampling_failure,12214042772051054177
463,6iub__A1_O25759--6iub__B1_O25759,group2,4,ordinary_sampling_failure,True,cluster_12790_12790,4,264,264,528,near_threshold_sampling_failure,12439132204198800630
464,7o8c__A1_A7LY27--7o8c__B1_A7LY27,group1,4,ordinary_sampling_failure,True,cluster_12799_12799,1,582,579,1161,maximin_feature_diversity,12613327380836530935
465,7aex__A1_P52129--7aex__A2_P52129,group3,4,ordinary_sampling_failure,True,cluster_5478_5478,3,267,267,534,maximin_feature_diversity,12740307641125658099
466,4e6w__B1_A0A0H2V8D3--4e6w__A1_A0A0H2V8D3,group1,4,ordinary_sampling_failure,True,cluster_4424_4424,2,332,329,661,maximin_feature_diversity,12965146707603094832
467,4cbv__D1_Q79CK7--4cbv__C1_Q79CK7,group1,4,ordinary_sampling_failure,True,cluster_22436_22436,0,246,245,491,near_threshold_sampling_failure,13051338240262270205
468,4l9i__A1_P28327--4l9i__B1_P28327,group2,4,ordinary_sampling_failure,True,cluster_22077_22077,4,504,493,997,maximin_feature_diversity,13088091216417493194
469,5d8e__A1_Q9BQ15--5d8e__D1_Q9BQ15,group2,4,ordinary_sampling_failure,True,cluster_16488_16488,1,104,101,205,maximin_feature_diversity,13470124910019487874
470,3cwf__A1_P23545--3cwf__B1_P23545,group3,4,ordinary_sampling_failure,True,cluster_37619_37619,3,108,108,216,near_threshold_sampling_failure,13608777157298693978
471,6em0__A1_O06647--6em0__A2_O06647,group2,4,ordinary_sampling_failure,True,cluster_8922_8922,2,566,566,1132,maximin_feature_diversity,13709082746226162888
472,3jsb__A1_P14240--3jsb__A2_P14240,group1,4,ordinary_sampling_failure,True,cluster_13989_13989,0,173,173,346,maximin_feature_diversity,13761026256154349423
473,2p09__A1_UNDEFINED--2p09__A2_UNDEFINED,group1,4,ordinary_sampling_failure,False,cluster_18478_18478,4,69,69,138,maximin_feature_diversity,14119839702207042838
474,7mku__A1_Q8VYI3--7mku__B1_Q8VYI3,group2,4,ordinary_sampling_failure,True,cluster_5434_5434,1,300,299,599,confident_or_consistent_wrong,14253896906068616247
475,6pqn__A1_B0F0C5--6pqn__B1_B0F0C5,group3,4,ordinary_sampling_failure,True,cluster_19217_19217,3,457,451,908,near_threshold_sampling_failure,14299349049137602672
476,4qc9__A1_P04303--4qc9__D1_P04303,group3,4,ordinary_sampling_failure,True,cluster_7852_7852,2,219,218,437,maximin_feature_diversity,14372597659210022409
477,3m7p__A1_P02751--3m7p__A2_P02751,group1,4,ordinary_sampling_failure,True,cluster_37315_37315,0,301,301,602,maximin_feature_diversity,14549606177545105185
478,7fds__B1_P9WK61--7fds__A1_P9WK61,group2,4,ordinary_sampling_failure,True,cluster_24806_24806,4,118,111,229,maximin_feature_diversity,14751867842829521596
479,3co5__A1_Q5F5Q1--3co5__B1_Q5F5Q1,group3,4,ordinary_sampling_failure,True,cluster_33235_33235,1,131,129,260,maximin_feature_diversity,15341527925047632404
480,6pal__A1_A0A412SRH5--6pal__B1_A0A412SRH5,group2,4,ordinary_sampling_failure,True,cluster_30415_30415,3,404,399,803,maximin_feature_diversity,15522072565161761049
481,4upd__A1_Q2TFW1--4upd__B1_Q2TFW1,group1,4,ordinary_sampling_failure,True,cluster_6712_6712,2,538,537,1075,maximin_feature_diversity,15987588078773784342
482,6k8i__B1_Q96524--6k8i__A1_Q96524,group3,4,ordinary_sampling_failure,True,cluster_6924_6924,0,461,457,918,maximin_feature_diversity,16042280549576259562
483,6t6q__A1_A0A0F7VBC6--6t6q__B1_A0A0F7VBC6,group3,4,ordinary_sampling_failure,True,cluster_6912_6912,4,209,207,416,near_threshold_sampling_failure,16063308357348938130
484,4lp7__C1_Q91F56--4lp7__A1_Q91F56,group1,4,ordinary_sampling_failure,True,cluster_31323_31323,1,229,219,448,maximin_feature_diversity,16595019522441973978
485,5xpz__A1_Q8CIB5--5xpz__B1_Q8CIB5,group2,4,ordinary_sampling_failure,True,cluster_17254_17254,3,404,391,795,maximin_feature_diversity,16599900944107119518
486,6htj__A1_Q97VU8--6htj__B1_Q97VU8,group2,4,ordinary_sampling_failure,True,cluster_2769_2769,2,119,118,237,maximin_feature_diversity,16763159048010482080
487,1evx__A1_Q94702--1evx__B1_Q94702,group3,4,ordinary_sampling_failure,True,cluster_7962_7962,0,162,162,324,maximin_feature_diversity,17283305174169768059
488,4af9__A1_Q6VBJ0--4af9__A2_Q6VBJ0,group2,4,ordinary_sampling_failure,True,cluster_3314_3314,4,229,229,458,near_threshold_sampling_failure,17325931456830653931
489,1r5p__B1_Q8YT41--1r5p__A1_Q8YT41,group2,4,ordinary_sampling_failure,True,cluster_5143_5143,1,93,90,183,maximin_feature_diversity,17326169514400769985
490,5u4o__A1_A0A6H3AI29--5u4o__A2_A0A6H3AI29,group1,4,ordinary_sampling_failure,True,cluster_18833_18833,3,465,465,930,maximin_feature_diversity,17388936909000260481
491,7rwk__A1_V4NUN3--7rwk__B1_V4NUN3,group2,4,ordinary_sampling_failure,True,cluster_96_96,2,368,368,736,near_threshold_sampling_failure,17486611863556050061
492,1cdd__A1_P08179--1cdd__B1_P08179,group1,4,ordinary_sampling_failure,True,cluster_5416_5416,0,189,189,378,maximin_feature_diversity,17590493399290482224
493,1z77__A1_Q9X0C0--1z77__A2_Q9X0C0,group3,4,ordinary_sampling_failure,True,cluster_7390_7390,4,192,192,384,near_threshold_sampling_failure,18020915833504832423
494,5cs3__A1_P14210--5cs3__B1_P14210,group3,4,ordinary_sampling_failure,True,cluster_6659_6659,1,173,173,346,maximin_feature_diversity,18080841173199302233
495,5zyo__A1_P0A8I8--5zyo__C1_P0A8I8,group3,4,ordinary_sampling_failure,True,cluster_681_681,3,154,152,306,maximin_feature_diversity,18182748741516744391
496,3dal__A1_O75626--3dal__B2_O75626,group2,4,ordinary_sampling_failure,True,cluster_21742_21742,2,179,166,345,confident_or_consistent_wrong,18332401843683348270
497,1qf8__A1_P67870--1qf8__B1_P67870,group2,4,ordinary_sampling_failure,True,cluster_9795_9795,0,159,155,314,maximin_feature_diversity,18371741816516324412
498,3f7c__A1_A1TZ69--3f7c__A2_A1TZ69,group3,4,ordinary_sampling_failure,True,cluster_9262_9262,4,192,192,384,near_threshold_sampling_failure,18437911591819259855
499,5wat__A2_P07128--5wat__B1_P07128,group1,5,high_confidence_stable_wrong,True,cluster_8165_8165,3,310,306,616,retain_complete_high_information_class,12763907725924347900
500,2y6b__A1_Q43758--2y6b__A2_Q43758,group2,5,high_confidence_stable_wrong,True,cluster_1918_1918,1,249,249,498,retain_complete_high_information_class,17634864333385762556
